,A.1,A.2,A.3,A.4,A.5,A.6,A.7,A.8,A.9,A.11,A.12,A.13,A.14,A.15,A.16,A.17,A.20,A.21,
ASV1,2147,9102,5427,5847,6717,5090,5672,7562,7627,5453,5162,6308,5120,5775,7574,5663,2659,2404,101309
ASV3,1380,1749,1213,1977,2436,2085,2827,3051,3187,2052,2229,2497,2319,1951,2380,2308,1894,1354,38889
ASV2,1753,1668,1641,1955,1976,1858,2051,2108,2327,2481,2214,1994,2124,1820,1676,2459,3119,2764,37988
ASV4,870,588,298,293,447,466,672,1423,1557,1350,1880,2158,2017,2358,2404,2716,1867,1540,24904
ASV10,121,272,279,365,783,572,671,1132,762,507,525,673,616,475,529,553,316,227,9378
ASV9,48,64,40,46,91,73,134,201,228,268,295,547,521,937,1226,1643,776,734,7872
ASV14,318,487,345,469,558,496,547,548,532,354,420,356,352,293,303,321,324,209,7232
ASV5,188,131,147,205,218,249,253,283,377,393,407,468,436,585,446,695,510,409,6400
ASV13,37,23,29,28,20,29,30,34,31,101,53,68,64,154,143,252,2254,2970,6320
ASV18,343,415,288,396,504,458,477,440,443,346,330,302,318,292,287,282,241,158,6320
ASV11,338,413,174,305,225,193,235,176,232,199,214,192,181,334,491,1466,118,96,5582
ASV23,192,173,170,215,195,252,333,200,223,450,436,391,397,545,389,347,214,122,5244
ASV20,170,174,180,224,232,212,227,316,354,311,293,328,272,211,274,413,308,232,4731
ASV27,174,172,158,223,229,228,237,300,285,290,281,286,283,245,246,355,244,205,4441
ASV35,313,242,284,313,269,314,324,260,236,405,272,211,253,192,170,118,61,62,4299
ASV29,219,253,193,256,330,279,359,293,277,258,206,187,213,227,187,193,178,124,4232
ASV30,154,179,133,240,322,218,248,325,304,208,212,220,182,206,219,161,173,99,3803
ASV38,121,101,112,161,139,111,122,107,109,169,157,152,175,298,283,204,529,659,3709
ASV39,168,166,172,234,252,204,246,251,268,249,234,176,191,172,162,197,153,141,3636
ASV6,285,213,362,292,318,311,180,142,164,245,177,134,171,122,116,140,51,27,3450
ASV41,106,92,103,146,125,181,175,103,140,278,231,252,276,344,234,248,208,148,3390
ASV37,84,87,63,74,109,107,89,133,193,198,211,233,262,376,314,414,211,210,3368
ASV69,314,223,252,199,147,196,143,140,137,180,130,128,130,130,154,90,303,347,3343
ASV28,118,210,146,192,269,224,246,235,211,153,166,154,139,156,119,146,133,75,3092
ASV40,187,131,150,150,133,136,166,162,189,199,191,188,179,156,168,165,220,165,3035
ASV34,73,212,73,57,54,66,74,82,72,119,111,114,115,192,143,362,558,551,3028
ASV48,92,68,27,41,43,72,96,151,220,220,258,246,249,321,289,273,172,147,2985
ASV32,119,85,92,107,110,105,122,135,118,178,161,149,192,174,166,278,313,221,2825
ASV44,152,103,121,117,161,151,170,130,161,202,139,173,208,141,168,210,175,137,2819
ASV64,144,135,151,151,146,185,152,167,165,214,178,157,174,171,131,119,120,100,2760
ASV49,81,109,78,130,243,194,257,235,205,172,163,136,124,125,104,170,121,85,2732
ASV25,77,50,59,56,66,91,97,128,111,105,103,92,126,159,177,316,361,494,2668
ASV43,91,112,141,136,121,128,101,149,135,144,179,148,178,166,157,225,120,97,2528
ASV57,72,49,56,67,79,87,89,82,77,174,174,161,175,288,201,330,175,104,2440
ASV42,109,68,88,70,70,106,86,106,101,86,73,79,71,85,66,258,315,333,2170
ASV59,63,53,59,69,37,56,71,72,73,95,82,101,92,189,176,242,295,276,2101
ASV46,123,92,98,117,110,106,126,68,110,141,128,107,111,102,114,136,135,140,2064
ASV82,67,64,43,62,50,63,55,73,82,102,122,109,88,147,122,222,257,283,2011
ASV16,59,75,61,67,70,65,59,61,57,53,65,55,82,108,117,153,129,649,1985
ASV151,97,83,112,112,89,112,112,132,118,127,128,120,96,73,78,81,160,133,1963
ASV79,36,40,43,67,83,83,73,73,104,117,125,114,125,113,124,196,199,144,1859
ASV67,82,56,59,84,102,100,113,79,103,160,113,125,143,149,126,100,101,54,1849
ASV72,74,43,58,72,763,67,47,66,63,70,49,54,60,87,64,45,36,22,1740
ASV70,4,200,100,100,104,82,101,100,134,86,71,92,87,142,163,134,9,28,1737
ASV50,89,84,96,78,102,73,119,95,82,105,86,87,93,67,102,175,107,81,1721
ASV2771,55,111,77,106,100,111,117,141,118,89,100,118,87,78,134,45,55,44,1686
ASV83,139,114,100,80,118,100,131,87,69,103,96,92,86,68,69,98,70,49,1669
ASV63,36,37,25,79,123,132,122,94,163,142,130,74,102,84,79,77,86,79,1664
ASV78,37,40,37,76,113,110,96,87,158,116,106,101,88,101,100,83,79,59,1587
ASV31,26,26,23,27,30,33,26,38,42,49,50,51,45,97,95,149,461,302,1570
ASV24,16,7,5,10,8,12,10,16,13,30,25,18,27,49,34,41,595,653,1569
ASV88,130,78,71,109,115,90,82,57,100,98,73,91,105,128,92,65,42,31,1557
ASV55,91,54,97,64,70,64,101,80,62,87,86,102,93,75,106,156,111,57,1556
ASV80,44,38,34,37,74,44,59,70,62,57,72,91,83,123,131,247,129,149,1544
ASV87,43,14,28,34,82,58,35,75,54,81,60,69,88,105,111,250,122,134,1443
ASV74,63,53,54,52,55,54,39,70,61,81,72,83,97,72,112,145,148,104,1415
ASV84,115,57,57,120,106,64,70,54,77,89,77,57,76,121,122,62,50,38,1412
ASV54,67,55,65,61,78,73,68,72,74,84,85,75,89,87,101,115,80,64,1393
ASV71,52,31,36,46,41,27,61,48,42,107,89,63,97,143,125,112,149,121,1390
ASV81,51,51,42,53,50,61,67,66,52,77,68,67,43,73,56,60,247,194,1378
ASV90,68,46,53,50,40,51,60,64,57,71,72,68,65,81,65,114,172,125,1322
ASV53,105,47,52,45,50,63,69,66,62,82,68,74,71,122,120,90,69,51,1306
ASV109,75,77,48,60,79,65,48,34,52,65,60,53,99,78,65,52,131,131,1272
ASV150,48,19,13,10,14,22,29,77,77,67,150,110,107,148,102,96,101,81,1271
ASV179,76,62,84,110,79,70,103,84,68,84,79,68,87,48,38,36,51,36,1263
ASV96,26,30,40,40,59,59,59,65,70,52,73,78,91,92,80,90,129,120,1253
ASV95,163,91,101,90,74,97,80,52,60,86,69,54,83,46,46,18,5,18,1233
ASV110,58,42,73,60,49,54,44,64,42,48,62,57,51,92,79,67,136,144,1222
ASV93,123,31,43,44,63,54,31,73,56,51,62,52,84,100,91,130,62,66,1216
ASV172,36,32,6,10,16,23,22,80,71,61,147,105,95,110,102,91,66,50,1123
ASV114,57,41,33,56,50,40,28,33,53,34,59,74,87,132,88,117,62,75,1119
ASV894,35,49,39,49,49,71,81,87,84,75,57,78,67,49,65,27,89,68,1119
ASV103,48,30,50,38,60,51,76,58,72,55,56,72,60,67,83,80,72,56,1084
ASV92,80,84,77,66,56,61,63,50,49,84,58,53,65,41,46,32,35,41,1041
ASV117,12,5,7,7,6,15,8,14,14,10,14,20,17,34,40,43,334,415,1015
ASV15,39,26,58,39,47,41,42,36,29,23,40,41,51,59,65,101,123,122,982
ASV170,5,6,5,8,7,10,6,4,13,10,4,21,13,31,27,37,310,453,970
ASV65,114,64,59,71,60,65,55,36,64,69,26,51,34,26,23,22,17,73,929
ASV336,43,44,36,60,52,60,77,87,73,38,53,51,38,36,34,21,58,57,918
ASV173,63,35,41,40,46,53,50,63,44,48,48,51,73,42,32,57,43,41,870
ASV8,82,49,57,74,58,67,29,26,23,46,33,29,39,52,60,59,34,44,861
ASV2187,32,31,34,53,41,43,77,52,51,30,47,56,61,46,52,19,44,41,810
ASV143,52,33,57,38,33,47,44,42,38,50,39,55,42,49,68,70,22,25,804
ASV5245,24,34,15,14,18,23,27,67,71,46,66,68,61,66,70,48,48,36,802
ASV5782,19,45,26,55,31,33,40,46,38,44,40,49,41,50,51,22,84,85,799
ASV116,26,91,38,41,56,55,65,56,58,40,43,36,26,37,32,34,41,22,797
ASV175,45,12,10,7,8,12,24,34,31,46,75,64,67,95,80,60,88,39,797
ASV314,32,30,37,41,44,44,47,49,53,55,44,52,56,47,42,36,41,45,795
ASV121,19,23,19,15,14,15,19,20,21,40,18,51,20,60,42,143,129,126,794
ASV2223,44,30,56,55,30,42,56,56,43,32,52,36,56,33,28,23,54,66,792
ASV280,30,25,28,40,51,45,74,54,68,36,65,57,40,24,33,32,44,46,792
ASV149,74,55,84,48,62,61,46,24,50,39,61,29,44,50,27,12,14,11,791
ASV239,50,45,53,51,36,50,54,47,23,41,53,41,38,20,28,42,62,55,789
ASV113,22,29,24,26,23,28,30,42,44,42,37,37,50,55,40,65,108,75,777
ASV266,32,67,42,56,50,46,38,53,58,52,47,58,38,38,40,17,28,17,777
ASV99,42,51,35,40,34,48,51,41,42,48,49,42,53,33,30,69,40,28,776
ASV133,48,44,34,39,53,53,47,31,46,54,40,39,47,55,58,39,22,24,773
ASV36,7,3,11,6,23,14,20,36,40,11,36,37,38,58,72,156,86,97,751
ASV136,24,37,33,41,41,51,51,33,32,39,36,56,42,52,39,54,38,26,725
ASV153,65,16,15,1,7,12,21,33,41,55,43,32,46,72,66,99,66,30,720
ASV197,33,21,25,13,20,21,38,39,32,47,51,37,52,75,38,71,60,46,719
ASV111,28,8,20,19,23,24,23,31,17,17,35,36,52,93,54,72,81,82,715
ASV201,27,31,32,40,31,50,56,55,52,57,49,51,45,40,33,16,20,27,712
ASV56,21,8,16,8,19,20,13,24,29,17,33,33,74,90,67,82,49,104,707
ASV205,57,43,53,31,50,57,67,24,54,24,28,26,49,26,53,27,11,17,697
ASV3207,30,30,43,38,25,38,48,50,39,34,53,43,46,16,29,18,64,50,694
ASV727,30,33,45,47,30,38,57,61,41,33,35,24,32,28,35,15,60,48,692
ASV322,19,31,36,31,35,37,39,44,41,44,54,48,53,49,42,21,37,29,690
ASV223,51,41,45,44,32,47,54,27,34,45,42,39,46,47,38,17,19,17,685
ASV61,14,11,10,7,8,11,10,17,23,12,22,42,36,42,79,115,82,138,679
ASV187,13,10,10,13,28,24,31,35,26,41,34,46,60,82,72,66,64,15,670
ASV140,75,45,48,37,40,40,41,30,42,54,26,30,35,38,28,39,10,7,665
ASV248,48,49,33,40,36,34,38,40,37,63,33,39,30,36,32,30,22,22,662
ASV1946,33,33,35,39,24,31,34,50,32,40,38,37,45,26,28,30,48,45,648
ASV235,64,42,58,60,38,48,32,22,20,24,43,75,32,37,20,5,9,19,648
ASV194,22,9,19,13,18,13,18,22,25,38,45,37,26,40,21,83,83,110,642
ASV224,32,36,25,33,29,53,45,49,47,54,38,34,50,28,32,25,13,14,637
ASV142,80,44,66,50,33,43,29,25,34,17,36,27,42,27,30,15,21,15,634
ASV196,19,19,15,16,40,37,38,20,29,43,39,64,31,39,52,59,46,27,633
ASV184,25,29,12,25,21,21,26,16,23,44,44,40,29,38,40,62,83,54,632
ASV330,14,11,17,19,18,32,34,52,42,27,45,40,40,28,32,33,60,70,614
ASV164,58,40,60,50,44,45,42,28,25,41,29,30,24,29,24,9,23,4,605
ASV125,44,38,54,41,32,48,42,22,42,40,30,30,34,29,27,27,8,11,599
ASV228,39,38,41,47,33,45,26,40,31,42,35,24,40,32,24,31,11,15,594
ASV158,75,42,37,38,40,35,43,36,19,37,31,28,29,30,25,15,11,17,588
ASV3824,16,42,31,31,27,17,28,42,42,24,35,36,31,23,32,17,46,62,582
ASV226,25,16,37,17,16,16,23,25,23,30,36,33,26,49,36,77,31,43,559
ASV138,38,25,32,25,31,26,26,18,22,30,35,30,30,22,25,61,52,30,558
ASV122,18,18,18,9,21,24,12,18,30,21,39,42,42,54,44,49,43,53,555
ASV2583,19,32,12,24,28,23,34,39,36,34,24,40,24,30,45,19,45,47,555
ASV171,28,22,11,15,24,8,16,43,24,28,24,30,36,53,64,60,39,27,552
ASV450,38,30,25,32,31,40,38,33,32,22,24,34,44,16,26,20,31,34,550
ASV232,15,10,11,7,10,14,13,10,9,20,14,11,9,27,8,22,135,204,549
ASV157,31,22,99,22,24,22,25,24,28,31,34,21,23,36,45,19,20,18,544
ASV310,44,36,38,39,33,40,44,21,21,37,26,30,35,30,21,17,12,15,539
ASV21,34,31,23,20,23,31,21,17,34,34,34,21,33,32,39,45,33,29,534
ASV220,9,8,8,6,3,4,7,7,6,7,13,9,11,22,17,22,163,212,534
ASV3485,22,26,17,40,32,31,29,57,40,23,28,23,30,19,23,13,41,38,532
ASV202,39,19,47,26,47,31,24,32,21,38,35,25,32,20,43,24,19,9,531
ASV254,70,30,18,25,40,22,17,25,25,20,30,21,27,32,29,74,12,14,531
ASV33,20,22,14,19,24,15,23,19,17,17,21,22,24,28,49,40,83,68,525
ASV356,16,24,28,32,33,28,28,22,38,25,35,28,27,22,20,32,48,38,524
ASV240,34,27,21,26,29,36,24,26,41,34,28,22,30,50,42,16,18,12,516
ASV51,35,37,29,33,31,39,37,44,24,35,39,24,20,19,19,14,19,14,512
ASV252,32,24,18,20,30,17,23,14,21,18,27,26,31,47,31,64,27,39,509
ASV261,48,53,50,36,35,35,29,18,24,47,16,27,24,25,18,9,4,7,505
ASV229,20,9,16,11,22,17,22,23,13,20,26,37,24,40,23,53,74,52,502
ASV227,21,16,21,25,20,26,26,23,21,42,35,25,27,46,29,43,22,32,500
ASV270,31,20,30,30,22,30,50,30,26,44,36,21,28,27,29,23,12,11,500
ASV98,23,23,27,27,32,30,35,38,17,26,27,35,29,22,28,35,24,18,496
ASV445,8,15,14,20,17,20,24,34,24,23,30,49,30,44,41,31,39,32,495
ASV104,24,14,31,21,30,34,27,23,19,20,25,24,30,24,37,45,30,33,491
ASV108,17,15,9,17,27,16,14,17,20,15,25,26,23,41,37,65,67,40,491
ASV5687,13,12,8,10,8,10,23,23,23,34,46,47,50,48,38,23,45,29,490
ASV236,17,19,22,22,23,40,30,43,25,29,27,22,31,15,25,40,32,19,481
ASV316,19,17,15,37,34,32,44,37,35,20,14,27,24,21,18,21,32,25,472
ASV5744,16,10,3,8,6,19,21,33,26,21,37,45,37,26,30,32,51,48,469
ASV363,13,12,5,12,10,13,8,21,26,18,28,47,38,45,48,52,31,38,465
ASV272,25,14,14,36,31,58,28,21,19,44,29,21,40,26,10,12,29,5,462
ASV267,16,29,16,7,12,16,26,23,12,30,29,34,27,37,29,50,34,32,459
ASV309,27,17,23,27,21,28,24,38,29,19,39,23,17,14,22,20,42,28,458
ASV334,63,24,54,30,39,29,21,21,19,16,19,23,26,30,10,11,15,6,456
ASV247,29,19,22,11,23,14,33,15,18,21,20,24,25,19,33,60,33,33,452
ASV102,32,12,18,14,16,23,12,24,15,21,23,22,22,26,21,67,32,50,450
ASV5201,16,25,24,30,30,26,28,27,20,22,32,36,18,26,32,19,20,18,449
ASV293,22,21,19,19,13,26,29,14,15,28,31,19,30,36,34,46,22,21,445
ASV139,70,20,37,33,26,38,20,18,21,38,28,16,15,24,13,8,7,10,442
ASV176,33,21,24,20,23,25,30,22,24,24,22,26,29,19,33,33,18,14,440
ASV112,25,22,23,25,25,20,29,21,27,23,30,15,30,26,20,22,29,25,437
ASV1712,25,27,15,23,23,20,28,37,32,20,25,27,19,20,23,20,22,31,437
ASV219,43,29,35,39,24,29,27,19,19,30,19,25,22,25,18,21,4,8,436
ASV135,14,19,15,14,9,15,12,15,17,10,19,11,16,28,49,70,38,64,435
ASV45,13,18,17,19,17,17,23,25,14,15,16,10,21,36,28,48,43,54,434
ASV242,39,29,33,27,38,40,23,14,25,18,18,36,21,24,14,16,8,8,431
ASV276,13,5,10,14,13,20,16,9,27,30,14,42,36,28,30,30,47,47,431
ASV478,20,18,25,29,22,24,21,32,22,23,30,22,27,15,16,23,31,30,430
ASV68,16,13,14,19,22,25,16,25,15,18,16,22,20,19,26,47,57,39,429
ASV404,18,5,8,6,10,11,26,28,25,26,23,38,25,48,28,28,28,42,423
ASV563,17,19,27,20,22,20,28,22,15,19,29,28,25,15,20,31,35,31,423
ASV100,22,4,10,7,20,7,3,9,7,7,16,12,23,26,20,69,65,94,421
ASV289,28,27,29,29,25,19,27,12,21,21,20,22,30,13,26,21,25,25,420
ASV359,32,16,22,14,20,23,35,31,21,32,21,25,19,34,35,12,16,11,419
ASV262,17,10,10,18,18,30,28,19,23,30,38,23,21,42,33,37,6,13,416
ASV539,18,23,19,18,28,37,33,38,33,25,20,19,19,12,17,24,19,12,414
ASV183,46,22,29,21,25,28,8,25,22,18,29,22,19,19,21,20,19,17,410
ASV317,13,20,16,10,13,17,23,17,15,28,42,67,19,31,31,18,12,18,410
ASV244,12,17,8,10,6,9,14,10,18,17,15,12,21,28,28,41,82,59,407
ASV169,16,14,17,11,19,18,16,21,28,38,22,21,31,15,31,40,26,21,405
ASV115,18,13,24,14,15,26,12,10,19,20,23,16,15,20,22,42,42,53,404
ASV134,27,15,23,21,11,19,13,8,14,23,13,16,10,14,22,5,53,96,403
ASV217,26,20,19,19,11,15,13,12,23,17,23,23,20,18,21,48,35,38,401
ASV325,20,8,16,18,31,24,13,26,15,23,30,18,24,39,22,36,16,18,397
ASV126,25,21,26,20,18,21,24,18,19,17,28,12,22,17,17,31,37,20,393
ASV209,16,14,12,60,12,18,17,11,14,18,29,19,31,30,33,26,16,9,385
ASV516,19,16,16,19,19,20,12,14,13,27,28,28,21,20,26,26,26,32,382
ASV105,21,16,30,12,17,23,26,15,18,22,10,18,17,25,20,30,41,19,380
ASV2915,7,15,10,9,9,17,15,39,31,21,36,34,22,31,32,21,19,12,380
ASV193,38,22,21,14,21,23,27,18,18,28,15,20,13,16,14,26,29,16,379
ASV260,46,33,40,29,20,32,29,13,18,32,19,18,12,13,7,11,5,2,379
ASV12,4,7,9,7,17,5,14,7,6,27,17,11,10,19,14,9,47,147,377
ASV719,8,12,13,17,14,21,15,21,14,14,27,22,17,14,24,15,53,56,377
ASV77,24,14,10,12,15,18,13,8,13,24,7,26,13,27,39,29,60,25,377
ASV159,43,28,41,35,38,35,14,14,21,22,21,15,12,21,8,3,1,4,376
ASV362,21,18,14,18,8,15,22,16,22,33,20,22,25,42,34,27,8,11,376
ASV263,22,8,2,8,7,6,13,7,9,18,9,24,20,34,43,26,27,91,374
ASV328,48,23,27,16,27,21,18,22,23,32,22,30,23,8,14,11,7,2,374
ASV288,19,33,23,22,29,24,43,16,17,30,18,17,22,17,14,5,13,11,373
ASV178,33,21,18,24,34,26,25,19,19,19,19,18,25,14,20,21,12,4,371
ASV85,32,33,29,27,17,24,28,16,22,21,25,22,9,14,11,16,15,10,371
ASV231,32,21,39,35,30,21,24,23,13,17,22,19,18,11,7,16,12,10,370
ASV377,17,18,12,12,24,31,23,19,17,26,27,17,19,34,13,22,14,22,367
ASV3327,4,9,6,4,1,3,1,6,6,6,7,7,11,6,16,12,111,146,362
ASV245,43,20,29,27,32,19,14,19,10,15,16,13,16,22,26,21,12,7,361
ASV353,19,17,22,27,20,24,22,14,22,11,32,18,14,15,13,24,21,26,361
ASV380,16,17,21,23,16,13,26,14,16,30,26,21,17,35,32,21,10,7,361
ASV250,27,26,17,22,16,22,26,25,15,19,25,15,17,10,21,20,19,16,358
ASV344,9,4,14,6,27,5,15,19,20,12,24,17,23,31,23,52,28,28,357
ASV2552,18,13,13,11,6,12,11,35,25,13,22,30,27,22,31,13,30,24,356
ASV307,12,10,13,13,12,22,17,15,20,13,11,23,19,33,29,47,15,30,354
ASV265,27,24,20,14,15,15,30,17,16,22,17,17,20,12,21,30,16,18,351
ASV416,37,30,27,29,29,26,18,9,14,22,14,21,18,27,12,9,5,4,351
ASV2623,15,9,28,26,13,13,26,22,22,13,18,21,19,11,19,14,28,29,346
ASV382,22,15,43,21,22,26,13,22,9,14,23,19,16,11,21,18,13,13,341
ASV681,11,8,11,13,7,10,6,11,12,12,15,17,13,22,14,22,64,73,341
ASV145,19,20,23,11,15,19,25,24,16,14,16,27,13,10,17,27,26,17,339
ASV388,35,25,45,10,29,20,12,19,15,18,18,13,23,13,15,10,13,6,339
ASV411,20,17,12,17,13,21,15,18,13,38,16,14,17,27,11,27,33,10,339
ASV327,19,3,13,23,8,8,7,11,14,4,20,16,47,41,29,27,16,32,338
ASV407,16,12,18,9,17,21,24,22,27,30,23,20,30,19,16,11,9,11,335
ASV311,20,12,34,16,15,13,13,11,21,23,19,16,29,23,17,28,13,10,333
ASV211,19,11,21,15,11,33,19,23,21,15,26,17,16,19,17,19,20,10,332
ASV394,32,29,19,23,16,14,13,27,22,15,18,15,16,27,19,15,5,7,332
ASV190,26,18,14,17,17,14,20,13,8,17,10,15,16,29,21,30,21,22,328
ASV4759,20,16,26,12,12,16,18,19,11,13,22,23,17,17,17,24,28,16,327
ASV513,16,34,24,25,21,23,24,13,17,23,21,12,13,28,17,8,6,2,327
ASV233,41,21,28,21,19,22,16,19,21,18,19,18,20,9,15,8,7,3,325
ASV3732,17,34,19,21,19,18,21,31,20,22,14,14,11,15,15,16,10,8,325
ASV302,21,26,17,17,14,23,19,14,21,31,24,15,9,23,12,10,6,22,324
ASV154,26,23,20,21,27,18,24,22,15,31,12,6,25,20,6,13,8,5,322
ASV375,14,21,41,22,13,12,7,17,21,22,22,18,14,19,19,10,17,13,322
ASV305,19,16,19,21,18,18,23,16,11,15,23,21,21,8,17,9,25,17,317
ASV346,10,15,12,20,21,21,23,15,19,21,14,20,22,18,16,17,21,12,317
ASV860,5,6,7,19,21,25,22,27,27,19,26,17,18,14,19,15,18,12,317
ASV185,18,9,12,14,5,13,18,17,16,36,16,22,17,17,26,28,18,11,313
ASV436,14,50,20,30,14,16,20,23,30,16,9,15,15,13,13,11,3,1,313
ASV298,34,13,22,14,16,16,23,8,24,31,18,19,12,14,19,13,6,10,312
ASV273,8,11,4,3,3,7,8,5,10,12,17,12,24,31,28,65,26,37,311
ASV188,34,17,16,19,18,14,28,17,10,27,17,9,14,20,12,19,17,2,310
ASV392,12,15,15,13,20,28,28,21,16,11,13,11,20,15,16,21,19,15,309
ASV195,14,2,8,10,21,11,15,10,15,19,23,15,16,33,30,17,18,31,308
ASV1338,17,19,20,22,23,18,19,16,16,10,25,12,27,10,11,9,16,17,307
ASV1730,22,21,23,29,21,18,18,17,24,7,16,13,14,16,16,9,12,10,306
ASV258,8,9,18,11,17,14,15,16,5,10,19,15,17,33,21,39,16,22,305
ASV264,30,16,31,21,21,27,23,12,9,26,11,21,9,10,17,13,3,3,303
ASV167,7,13,17,12,7,4,16,12,20,13,16,7,14,22,17,20,13,72,302
ASV257,17,14,13,12,13,16,10,12,14,17,29,21,14,20,26,27,17,10,302
ASV308,17,10,24,17,18,15,17,18,20,19,14,17,14,29,21,15,10,7,302
ASV429,11,6,5,13,70,31,10,16,20,13,14,9,9,15,37,10,8,5,302
ASV838,20,13,21,16,14,11,21,22,15,10,19,17,22,6,14,24,23,13,301
ASV297,33,25,33,25,15,12,17,16,12,19,12,8,12,7,19,23,5,6,299
ASV340,16,15,18,21,17,14,23,18,14,20,13,22,19,11,9,18,16,15,299
ASV180,2,6,3,2,2,5,5,2,5,7,13,5,11,11,16,3,103,97,298
ASV410,24,24,15,11,13,14,15,16,23,26,18,18,14,11,18,17,13,7,297
ASV671,8,6,7,17,16,19,21,22,28,21,26,23,12,13,16,8,22,11,296
ASV268,22,15,17,12,28,23,18,20,12,5,16,8,8,23,19,19,7,23,295
ASV306,11,11,7,13,12,12,16,23,12,19,21,22,29,13,16,13,18,26,294
ASV384,18,18,29,20,11,17,21,13,14,28,12,17,17,14,18,14,7,6,294
ASV403,16,12,16,10,9,14,13,13,6,17,24,8,18,20,24,39,16,16,291
ASV214,39,17,27,18,15,18,16,15,11,15,13,7,12,8,29,11,13,4,288
ASV73,17,9,9,15,6,17,12,8,4,10,13,11,17,26,26,35,24,28,287
ASV366,12,9,18,16,19,15,18,22,17,12,18,16,25,9,10,18,17,14,285
ASV490,12,15,16,16,12,23,19,10,24,21,13,15,18,19,17,11,14,9,284
ASV338,15,10,21,8,13,19,6,33,24,14,20,11,24,15,13,24,9,4,283
ASV275,19,8,21,9,17,6,14,13,16,13,22,19,9,18,18,30,17,13,282
ASV370,13,16,18,6,18,17,22,20,21,12,17,18,20,12,10,13,16,13,282
ASV3938,7,17,13,29,19,9,14,20,11,25,16,21,18,13,18,8,15,9,282
ASV4085,8,9,8,9,21,21,25,34,23,11,20,19,19,11,11,12,11,9,281
ASV358,21,12,14,12,2,13,9,8,14,13,10,11,16,24,10,10,42,39,280
ASV2008,10,32,13,25,13,13,19,16,18,10,11,18,20,13,20,13,9,6,279
ASV148,16,15,19,19,17,20,11,9,13,12,10,11,10,11,13,18,20,33,277
ASV251,10,16,11,14,13,13,24,15,14,25,8,17,16,21,19,24,11,6,277
ASV277,32,21,18,22,14,16,17,18,21,18,10,14,12,13,12,9,5,5,277
ASV291,30,20,22,18,13,17,25,10,15,14,12,9,11,10,11,18,7,11,273
ASV369,37,21,25,21,16,11,15,6,19,25,14,20,11,10,14,2,4,1,272
ASV75,15,16,22,21,10,15,10,5,11,15,10,16,19,15,14,13,22,23,272
ASV4983,20,16,14,18,12,15,15,13,21,14,11,14,15,10,16,11,16,19,270
ASV5010,9,22,23,21,15,26,14,15,16,20,16,20,16,9,8,9,8,3,270
ASV119,18,15,18,10,18,10,8,10,13,14,9,11,8,9,7,22,38,31,269
ASV425,17,9,12,14,15,13,14,16,19,11,13,19,15,15,18,10,23,16,269
ASV155,9,8,21,12,12,14,6,9,12,19,17,11,18,15,29,30,15,11,268
ASV4277,6,6,11,5,2,10,13,29,23,10,16,21,28,25,25,11,19,8,268
ASV502,17,15,14,9,10,19,18,8,13,21,32,12,14,31,8,10,12,5,268
ASV2208,10,12,14,16,17,19,14,17,15,10,16,16,23,3,8,11,17,29,267
ASV234,9,9,9,9,32,19,12,9,26,13,18,18,11,23,24,14,6,6,267
ASV4509,7,9,8,14,13,18,13,10,15,18,21,24,14,12,14,6,28,22,266
ASV86,12,11,9,16,25,15,10,9,13,5,7,12,11,9,15,24,20,43,266
ASV2124,16,11,11,6,8,15,21,23,12,11,17,24,14,22,15,6,19,14,265
ASV2291,7,10,13,14,46,17,17,15,15,13,16,18,17,16,11,7,5,3,260
ASV271,36,19,23,18,19,21,20,13,13,20,19,8,11,7,5,4,2,2,260
ASV131,9,14,16,15,17,17,13,16,12,18,20,14,21,13,11,16,8,9,259
ASV677,9,10,5,9,6,10,8,10,16,8,24,19,17,30,30,29,10,8,258
ASV165,11,10,9,9,15,7,9,9,14,9,17,14,12,12,22,21,33,22,255
ASV237,13,7,6,7,13,10,5,17,13,14,9,18,14,26,15,27,15,26,255
ASV335,20,17,15,18,12,14,20,20,14,17,16,8,17,4,10,12,10,11,255
ASV541,22,7,15,18,10,15,22,17,16,14,16,8,14,16,13,9,14,9,255
ASV514,7,9,4,8,4,13,10,14,14,9,14,22,11,28,17,26,26,18,254
ASV107,9,6,12,7,8,11,5,5,12,11,15,16,19,26,21,15,23,32,253
ASV1092,14,14,17,17,8,17,15,19,16,7,13,12,17,5,12,10,17,21,251
ASV434,16,12,6,16,11,18,16,12,10,19,12,17,16,18,20,13,11,6,249
ASV2486,13,10,14,13,17,10,11,22,19,11,15,15,12,8,8,9,16,25,248
ASV576,18,15,18,19,22,15,11,10,17,15,21,16,15,8,12,5,6,5,248
ASV1073,12,16,18,16,14,12,18,10,17,10,18,15,15,7,10,10,15,14,247
ASV463,7,6,9,6,10,4,15,10,9,11,13,17,18,11,16,29,28,28,247
ASV2809,19,13,23,16,10,14,18,12,7,12,15,10,9,6,8,10,18,24,244
ASV345,12,7,18,13,10,18,16,15,10,11,16,13,16,9,10,31,13,6,244
ASV225,23,25,15,20,12,21,18,11,17,14,15,12,11,10,7,6,2,4,243
ASV295,27,23,31,11,8,21,16,13,10,19,12,7,7,13,9,10,2,3,242
ASV324,16,14,13,16,12,21,24,13,9,9,11,12,12,19,15,14,5,6,241
ASV319,6,21,13,8,15,25,5,17,10,17,17,11,16,14,18,18,4,5,240
ASV123,9,10,10,5,9,9,9,6,12,11,8,13,16,40,10,24,16,20,237
ASV120,25,24,22,12,11,20,6,9,7,23,4,18,11,9,7,7,12,9,236
ASV500,14,7,10,13,20,13,14,5,10,12,10,21,25,21,16,8,9,8,236
ASV549,18,8,18,11,15,19,9,21,12,27,14,9,17,14,12,7,3,2,236
ASV511,7,7,10,7,19,13,4,15,16,19,14,17,10,20,14,18,17,5,232
ASV421,12,11,10,8,7,15,13,22,14,12,13,16,15,17,15,11,6,14,231
ASV1358,19,13,18,16,18,9,23,13,13,14,14,9,13,5,7,10,7,9,230
ASV374,8,5,5,7,3,11,7,8,6,13,9,14,6,11,28,44,32,12,229
ASV386,21,14,14,13,9,13,21,14,8,16,9,11,13,7,15,11,10,10,229
ASV430,24,12,17,14,19,17,15,11,9,15,14,10,7,10,12,9,10,4,229
ASV564,17,5,5,3,2,2,3,13,7,9,12,21,19,40,17,28,13,13,229
ASV501,23,17,16,23,20,17,16,8,19,11,5,13,13,9,7,5,3,3,228
ASV286,12,9,12,10,14,8,6,17,11,8,12,6,8,8,9,31,33,13,227
ASV19,16,14,6,12,10,10,13,20,11,11,14,13,18,14,16,15,5,7,225
ASV3760,13,11,10,14,8,16,15,12,12,5,12,17,19,9,14,14,9,15,225
ASV623,21,19,14,8,18,11,17,14,14,25,9,8,15,9,8,12,2,1,225
ASV606,1,5,5,11,10,18,30,21,19,14,20,18,13,5,10,3,13,6,222
ASV332,11,16,17,21,7,21,20,9,6,16,18,12,13,13,5,11,4,1,221
ASV3869,14,8,11,11,10,11,8,8,14,15,15,14,15,7,14,10,22,13,220
ASV589,39,16,17,11,18,13,4,13,8,12,16,7,7,11,15,8,3,2,220
ASV274,11,16,11,9,14,13,17,13,10,8,15,12,15,5,11,13,15,11,219
ASV1774,11,16,17,15,11,10,13,9,10,9,18,10,15,7,7,16,12,11,217
ASV206,20,9,12,8,11,7,6,7,14,8,12,11,13,13,17,21,13,14,216
ASV635,15,15,10,22,11,13,11,7,8,12,13,6,11,12,10,20,12,7,215
ASV525,15,11,21,6,12,9,10,9,5,20,11,15,7,21,5,8,19,9,213
ASV775,23,7,29,13,25,19,10,7,10,9,12,9,13,12,5,1,5,4,213
ASV770,8,6,6,13,15,15,7,11,12,16,14,13,14,17,18,10,10,7,212
ASV60,13,5,7,9,4,4,6,5,9,4,7,8,8,7,11,20,34,49,210
ASV643,11,8,16,8,15,10,20,13,9,7,17,10,14,13,7,10,13,9,210
ASV708,29,9,20,10,16,21,15,10,9,15,10,14,9,10,6,4,1,2,210
ASV544,12,12,10,3,10,11,9,6,9,10,18,15,22,10,12,19,12,9,209
ASV401,18,15,12,9,16,23,8,10,15,8,11,9,13,11,9,11,6,4,208
ASV586,18,6,11,13,7,12,10,8,7,13,11,13,12,11,9,24,13,9,207
ASV626,15,3,7,2,12,8,13,9,7,14,10,11,12,27,12,18,17,10,207
ASV349,17,17,20,16,10,18,18,8,4,16,9,11,19,9,2,9,1,2,206
ASV438,11,9,5,7,6,9,9,6,10,14,8,15,12,4,16,36,18,11,206
ASV952,13,11,16,14,10,16,15,16,12,12,12,11,8,4,6,10,12,8,206
ASV2850,15,12,10,14,9,8,13,13,4,9,16,11,15,7,10,10,15,14,205
ASV600,9,20,14,18,12,12,19,7,7,19,11,6,12,9,11,2,9,7,204
ASV634,1,25,15,16,20,10,12,18,19,7,9,11,9,10,17,2,2,1,204
ASV823,9,7,13,7,8,15,23,13,11,12,6,11,15,12,7,15,16,3,203
ASV750,16,9,11,9,5,17,14,7,10,17,15,10,12,14,9,13,5,9,202
ASV515,6,1,6,7,9,5,14,13,19,7,10,13,17,27,21,15,8,3,201
ASV766,13,23,11,15,4,17,8,12,14,12,12,17,10,5,5,4,8,11,201
ASV1015,8,10,7,12,12,10,14,12,11,6,18,10,12,11,9,15,12,11,200
ASV1243,22,12,11,15,17,13,20,13,12,8,11,8,14,6,2,2,8,6,200
ASV181,11,12,21,17,3,15,14,11,9,12,14,9,8,5,6,2,6,25,200
ASV2974,9,12,12,9,6,11,20,11,10,15,21,10,10,11,9,9,7,7,199
ASV667,12,7,12,12,6,11,10,4,7,5,15,10,20,8,12,10,17,21,199
ASV160,13,14,14,16,11,15,15,9,7,7,18,17,11,2,6,11,7,4,197
ASV687,12,11,6,9,6,16,15,9,8,17,12,12,10,18,9,18,7,2,197
ASV767,19,14,15,12,8,11,13,6,7,20,14,2,10,11,5,7,15,8,197
ASV531,24,15,22,13,14,12,12,6,9,16,4,13,6,7,8,9,3,3,196
ASV631,7,13,3,13,3,10,12,4,7,10,14,14,12,21,9,11,15,18,196
ASV192,26,16,19,19,6,7,15,4,8,11,7,16,7,6,8,10,6,4,195
ASV4229,12,11,13,11,13,12,12,13,14,11,14,12,12,7,5,9,9,5,195
ASV440,17,13,24,11,20,10,13,12,12,5,10,7,12,9,6,11,1,1,194
ASV470,14,10,4,10,9,13,6,8,6,17,6,15,8,5,13,13,18,19,194
ASV4257,11,11,16,14,12,16,14,10,9,8,7,6,9,15,5,4,13,13,193
ASV551,4,7,2,10,10,3,12,14,11,12,8,11,8,14,10,27,14,15,192
ASV559,9,3,7,15,12,11,7,11,11,10,16,14,11,6,14,14,17,4,192
ASV7,6,9,11,12,12,13,7,9,12,12,14,6,8,15,17,14,7,8,192
ASV553,5,8,10,8,5,6,7,7,6,13,12,9,9,18,19,29,14,6,191
ASV886,9,10,23,8,21,9,12,9,10,9,15,13,13,6,4,7,6,7,191
ASV1002,16,12,12,10,11,13,11,11,3,10,10,15,11,8,10,2,13,12,190
ASV460,12,13,6,12,11,15,3,3,6,11,11,16,10,13,17,9,13,9,190
ASV1466,11,12,11,16,8,14,13,14,13,9,15,13,11,5,5,3,7,9,189
ASV461,15,9,8,12,8,12,13,8,11,9,9,10,6,9,13,17,13,6,188
ASV5488,8,10,10,16,27,14,11,13,10,17,6,11,12,7,6,3,3,4,188
ASV413,17,4,8,6,7,11,10,7,6,13,8,6,22,11,10,11,13,15,185
ASV733,3,4,7,8,6,6,8,7,6,7,16,12,10,16,18,10,24,17,185
ASV207,18,18,17,17,18,10,8,9,3,10,4,9,8,8,9,11,4,2,183
ASV568,10,9,12,14,7,9,11,11,13,9,12,11,9,10,10,13,6,7,183
ASV852,14,8,20,8,8,11,11,9,9,13,10,7,17,8,9,15,1,5,183
ASV745,7,8,7,7,13,13,6,12,6,19,10,14,12,15,10,11,6,6,182
ASV5333,4,12,10,11,6,12,11,10,15,10,10,10,9,11,9,6,7,18,181
ASV633,7,7,8,10,8,8,6,5,10,16,17,11,6,17,16,11,15,3,181
ASV711,5,8,5,5,5,10,12,13,10,8,14,10,9,27,18,7,13,2,181
ASV398,20,8,20,7,10,21,15,9,6,18,8,11,9,5,7,3,2,1,180
ASV5848,2,24,14,14,12,7,10,16,15,6,13,11,11,3,13,4,2,3,180
ASV1492,21,14,12,19,13,5,16,10,11,14,6,8,7,9,3,5,5,1,179
ASV485,10,3,11,7,6,6,8,7,10,5,10,10,10,10,23,26,11,6,179
ASV1161,14,11,10,15,11,10,9,16,10,5,11,12,13,3,7,7,5,9,178
ASV422,15,9,19,5,11,13,5,11,6,10,11,9,10,12,11,4,4,13,178
ASV562,12,8,13,6,3,3,6,11,5,7,6,5,12,9,14,29,20,9,178
ASV825,12,6,10,9,16,16,11,7,11,13,16,8,4,12,6,9,6,6,178
ASV884,4,5,7,12,13,17,15,9,19,6,15,11,11,15,8,4,3,4,178
ASV387,8,7,10,12,5,10,18,8,10,18,10,6,12,10,6,5,10,12,177
ASV489,13,8,7,15,12,9,12,7,6,9,6,8,9,12,17,10,9,7,176
ASV1030,13,14,14,12,13,11,6,16,15,4,10,9,8,6,8,3,9,4,175
ASV1132,11,12,12,10,10,9,6,11,6,9,15,12,10,5,7,5,13,12,175
ASV741,29,11,17,11,11,8,15,11,5,7,14,3,3,6,8,3,8,5,175
ASV3089,9,10,18,14,9,7,11,17,11,8,10,6,9,6,9,12,5,3,174
ASV389,9,12,7,7,9,11,8,13,6,15,12,8,6,2,10,18,14,7,174
ASV451,7,1,3,4,10,9,2,7,5,10,5,6,14,17,19,20,16,19,174
ASV182,3,8,13,6,5,3,7,5,9,11,3,6,9,13,12,23,21,16,173
ASV447,13,10,16,13,13,10,13,7,13,5,6,10,13,5,6,8,9,3,173
ASV545,10,12,13,15,10,7,10,11,7,12,6,5,11,6,10,9,13,6,173
ASV684,9,9,8,8,6,10,5,9,13,14,9,11,6,9,9,6,10,21,172
ASV3406,16,12,8,11,10,8,10,10,11,9,16,11,6,7,2,3,13,8,171
ASV456,19,9,12,9,15,11,8,10,7,14,11,8,10,5,8,6,4,4,170
ASV618,11,12,10,5,6,9,13,9,16,10,11,13,10,9,6,9,5,6,170
ASV147,13,8,10,5,6,13,3,10,7,18,5,11,4,9,5,18,11,13,169
ASV435,16,15,13,11,9,9,9,7,9,9,7,11,9,9,8,8,7,3,169
ASV913,17,7,7,10,9,8,7,5,9,7,14,18,8,15,14,5,5,4,169
ASV146,2,3,5,8,4,4,6,6,5,10,4,7,6,3,10,5,22,58,168
ASV397,21,8,13,9,8,15,8,8,8,3,7,11,10,11,9,9,5,5,168
ASV832,7,7,14,10,6,8,17,9,12,11,10,4,16,13,10,8,3,3,168
ASV3754,4,1,4,5,12,17,18,16,14,7,16,7,11,11,4,7,6,6,166
ASV540,22,3,22,8,5,11,6,7,8,17,12,12,11,10,5,2,1,4,166
ASV2610,7,5,8,9,6,4,10,9,13,15,12,16,10,13,8,4,3,12,164
ASV433,6,17,7,6,12,8,12,15,15,7,3,8,13,9,10,8,3,4,163
ASV591,4,2,8,7,3,10,7,3,16,7,7,6,11,14,6,11,23,18,163
ASV595,10,8,5,10,8,8,8,6,10,12,10,6,11,7,13,17,8,6,163
ASV757,33,8,8,16,12,3,5,6,6,10,6,6,4,10,7,19,1,3,163
ASV828,15,15,14,13,7,11,13,12,8,8,6,11,6,7,5,4,5,3,163
ASV1493,10,11,8,7,7,3,13,5,10,7,14,12,10,16,9,11,5,4,162
ASV283,10,21,12,13,8,14,4,3,8,16,11,8,13,9,4,4,3,1,162
ASV3238,11,9,8,14,11,10,9,5,9,11,9,12,4,2,10,8,7,10,159
ASV556,28,11,11,13,9,7,6,5,10,10,8,2,10,12,6,8,2,1,159
ASV637,5,6,2,1,1,7,2,2,10,8,6,8,5,10,17,25,26,18,159
ASV1152,10,4,14,14,11,13,3,9,8,6,7,8,16,5,13,4,6,7,158
ASV2572,8,9,11,10,8,7,7,12,10,7,9,11,14,8,3,1,10,13,158
ASV526,9,9,7,8,17,6,4,10,7,6,9,2,12,10,11,10,7,14,158
ASV62,8,3,10,8,4,3,3,5,5,5,6,3,7,8,7,15,22,36,158
ASV699,17,7,17,16,9,11,2,9,7,9,14,6,8,11,7,2,1,5,158
ASV469,13,9,10,11,7,7,9,10,6,6,13,10,15,4,5,9,6,7,157
ASV127,6,8,4,11,9,2,6,6,6,13,5,5,11,14,5,13,18,12,154
ASV528,11,6,12,10,14,13,18,4,9,12,10,5,10,8,2,4,2,4,154
ASV742,11,14,10,16,7,12,6,7,6,14,5,7,4,12,8,6,2,7,154
ASV856,17,15,14,11,12,16,8,7,7,11,10,4,5,4,4,2,2,5,154
ASV915,8,5,8,6,10,11,12,14,10,4,6,6,16,10,8,4,5,11,154
ASV259,3,8,17,6,6,8,8,7,5,5,7,9,9,9,4,15,7,20,153
ASV4788,3,7,8,10,8,6,11,10,14,5,9,12,10,7,7,7,8,11,153
ASV966,11,9,12,7,9,11,7,6,8,19,7,11,4,7,10,8,3,4,153
ASV918,8,4,8,3,7,4,5,10,9,11,16,11,4,14,6,9,13,10,152
ASV1546,19,7,10,9,8,10,12,8,6,7,14,6,8,11,6,4,4,2,151
ASV3576,6,6,5,7,12,11,9,7,7,7,12,13,15,6,5,8,4,10,150
ASV735,12,11,14,6,9,8,5,5,7,7,10,13,8,4,12,9,8,2,150
ASV756,16,12,9,9,13,8,7,6,10,11,12,5,7,10,4,3,3,5,150
ASV960,10,6,7,9,9,4,11,9,11,10,12,10,14,7,9,3,4,5,150
ASV573,9,7,7,6,7,7,9,12,6,9,4,7,12,6,10,13,10,8,149
ASV360,12,14,19,9,14,9,7,5,11,6,8,3,9,3,6,9,2,2,148
ASV689,7,6,6,10,7,15,8,10,8,2,4,9,8,6,10,15,13,4,148
ASV1647,11,9,13,4,11,8,11,6,7,10,11,10,7,2,9,7,4,7,147
ASV813,8,12,14,8,6,7,6,7,7,12,7,12,7,12,5,11,4,2,147
ASV2762,13,11,13,7,5,10,7,8,8,10,8,4,15,4,5,6,5,7,146
ASV732,3,1,5,4,6,7,6,7,8,2,7,7,11,8,15,28,10,10,145
ASV763,5,9,4,5,5,5,10,5,3,14,6,12,5,16,8,17,5,11,145
ASV1275,1,6,7,3,2,5,5,4,14,10,16,9,10,11,13,15,5,8,144
ASV3107,8,10,11,6,8,7,8,8,8,12,8,5,4,6,2,10,16,7,144
ASV781,10,14,10,12,12,10,13,4,7,12,5,6,4,4,7,4,6,4,144
ASV862,13,7,4,9,8,6,14,3,7,10,15,6,6,10,10,6,5,5,144
ASV983,17,10,13,9,9,7,10,5,9,11,3,8,10,7,5,4,6,1,144
ASV1475,16,6,8,5,4,10,10,5,4,9,10,14,8,9,8,5,9,3,143
ASV669,15,9,8,7,10,6,6,7,4,14,8,7,14,5,9,7,2,5,143
ASV755,2,5,3,6,9,11,7,11,7,12,4,14,7,9,6,11,9,9,142
ASV670,9,9,8,12,10,9,5,18,4,18,2,7,4,7,9,3,3,4,141
ASV776,9,9,8,6,10,6,8,5,11,7,7,5,8,11,5,15,6,5,141
ASV872,7,1,2,6,4,6,13,6,5,11,9,8,14,21,6,12,7,3,141
ASV920,12,9,7,10,9,8,10,8,8,11,13,8,12,5,5,4,1,1,141
ASV3347,5,16,8,10,11,16,6,12,11,12,3,7,2,12,4,1,2,2,140
ASV592,11,6,16,14,10,9,9,5,5,4,7,2,10,5,3,4,10,10,140
ASV76,17,10,21,7,18,5,11,3,6,4,3,7,5,6,4,9,1,2,139
ASV990,4,4,3,13,10,23,8,6,3,9,14,8,16,6,2,3,5,2,139
ASV1781,8,9,17,15,6,11,13,14,3,6,7,8,9,2,3,2,3,2,138
ASV601,3,13,15,10,4,6,7,11,8,7,3,6,14,9,9,10,2,1,138
ASV686,9,3,5,9,5,4,5,2,8,3,12,3,17,7,11,14,11,10,138
ASV897,11,8,11,13,7,9,8,5,2,5,13,6,4,14,8,5,5,3,137
ASV655,18,13,12,8,9,10,12,6,4,7,12,8,3,3,6,1,1,3,136
ASV660,11,15,13,11,8,5,7,11,5,9,4,6,5,5,11,4,3,3,136
ASV841,11,3,6,7,6,4,12,8,12,8,7,12,7,9,6,7,5,6,136
ASV5381,7,7,6,8,4,8,12,9,10,8,7,9,9,2,7,8,6,8,135
ASV455,11,15,10,9,8,9,3,8,9,6,3,5,9,4,15,5,4,1,134
ASV532,7,10,11,9,4,9,12,3,3,13,9,6,6,4,8,6,7,7,134
ASV786,1,3,2,4,19,3,8,4,2,9,5,7,17,17,10,12,9,2,134
ASV805,8,8,9,6,5,10,7,6,15,12,5,16,4,4,2,9,5,3,134
ASV368,3,7,12,3,8,9,5,9,4,6,6,9,11,2,12,8,8,11,133
ASV585,17,8,13,6,9,9,8,4,9,7,7,5,5,9,9,5,1,2,133
ASV443,12,8,7,7,10,8,8,8,10,10,4,8,4,8,6,3,6,5,132
ASV657,10,10,9,7,7,10,7,2,5,11,4,11,12,7,6,5,5,4,132
ASV726,6,1,21,7,5,4,8,5,2,16,10,4,6,11,6,5,10,5,132
ASV1069,9,14,7,16,12,8,6,10,10,4,6,7,3,7,4,2,2,4,131
ASV2370,7,7,19,4,7,7,11,7,6,4,9,9,8,3,5,2,9,7,131
ASV619,9,11,6,12,11,12,5,6,4,9,7,8,6,5,9,3,4,4,131
ASV1093,13,4,13,7,10,13,10,5,6,7,3,6,16,6,2,5,3,1,130
ASV3236,8,1,6,7,5,8,3,5,5,5,2,9,4,7,3,6,31,15,130
ASV486,4,10,2,4,2,1,1,2,3,4,1,3,2,7,11,9,30,34,130
ASV917,7,9,5,6,7,5,2,1,4,4,6,5,4,24,9,17,11,4,130
ASV203,7,8,9,1,7,12,6,5,5,11,6,6,4,8,8,10,8,8,129
ASV243,14,8,17,11,10,8,2,4,9,6,3,9,5,8,3,6,3,3,129
ASV390,12,15,16,12,6,8,4,7,5,4,2,1,8,7,7,8,4,3,129
ASV627,16,14,7,7,3,10,10,11,7,6,7,3,9,4,4,2,5,4,129
ASV752,8,19,7,11,7,9,13,5,8,2,7,6,5,10,3,2,2,5,129
ASV1013,4,5,4,6,4,4,4,1,9,12,4,6,14,11,12,17,6,5,128
ASV772,11,5,4,9,11,6,12,4,9,6,5,8,8,7,9,2,10,2,128
ASV904,6,4,20,5,9,5,3,3,5,7,4,3,13,13,12,5,3,8,128
ASV921,3,2,4,4,6,6,8,12,10,9,9,2,8,7,7,14,9,8,128
ASV2599,12,6,8,7,4,5,10,10,5,12,10,13,9,1,1,2,8,4,127
ASV475,7,5,6,3,6,4,6,8,6,8,5,6,4,8,2,12,15,16,127
ASV570,7,5,5,15,22,13,8,7,5,9,4,7,7,2,5,4,1,1,127
ASV535,10,6,7,9,5,6,4,4,5,8,8,5,6,15,8,8,7,5,126
ASV191,5,5,4,8,2,2,3,4,2,4,8,9,5,10,19,13,9,13,125
ASV459,13,16,16,9,10,7,7,4,4,10,4,5,3,3,7,4,1,2,125
ASV821,6,5,2,8,5,10,10,2,8,9,7,5,11,7,8,5,10,7,125
ASV970,12,9,13,5,12,14,8,3,8,5,9,3,8,9,2,1,2,2,125
ASV1830,5,5,5,6,4,4,7,4,2,4,7,7,7,3,15,5,11,23,124
ASV241,13,8,6,14,8,9,5,4,4,7,5,7,11,7,4,8,3,1,124
ASV676,11,7,7,4,3,10,6,7,3,8,9,11,10,6,5,11,4,2,124
ASV810,5,1,3,4,3,2,3,6,7,5,7,10,6,15,9,15,9,14,124
ASV653,15,16,4,11,11,7,11,4,3,12,1,6,9,5,1,5,1,1,123
ASV587,7,8,5,8,7,5,4,8,7,4,7,10,7,12,9,6,7,1,122
ASV783,16,13,10,4,5,10,9,3,4,13,4,7,3,4,7,8,1,1,122
ASV936,6,5,13,5,8,10,8,8,4,8,6,5,11,4,3,10,7,1,122
ASV1791,9,4,7,5,4,8,13,11,7,7,2,9,13,1,5,8,6,2,121
ASV889,13,11,7,1,3,5,5,2,4,9,7,7,8,7,10,8,11,3,121
ASV1763,9,8,10,9,5,3,6,7,7,12,8,11,10,3,7,2,2,1,120
ASV352,17,11,11,10,6,11,4,3,4,11,3,4,9,6,5,2,2,1,120
ASV673,1,9,8,6,7,4,11,6,7,7,5,13,4,10,9,7,2,4,120
ASV818,7,8,5,9,8,5,4,4,8,9,6,7,11,14,2,8,3,2,120
ASV927,3,5,4,2,7,4,4,6,6,1,6,5,10,5,12,17,12,11,120
ASV1162,8,7,21,3,11,6,8,5,8,11,7,8,6,3,1,2,3,1,119
ASV474,10,1,10,4,3,7,7,7,5,7,4,8,9,4,12,12,3,6,119
ASV1449,17,4,10,11,4,7,3,9,3,6,6,4,11,4,5,6,4,4,118
ASV2774,6,2,9,3,4,4,7,1,1,2,2,5,9,5,6,4,31,17,118
ASV393,9,8,8,5,7,3,6,7,4,7,6,4,7,7,1,13,8,8,118
ASV483,1,2,3,6,1,3,3,2,4,3,3,5,3,7,31,21,14,6,118
ASV716,13,6,3,3,3,4,7,5,7,7,7,6,10,4,7,8,10,8,118
ASV758,4,10,7,1,4,2,7,7,6,6,7,11,11,4,3,12,9,7,118
ASV320,7,7,8,4,5,4,3,5,5,5,4,7,4,1,7,20,12,9,117
ASV610,9,3,3,3,9,10,9,7,4,1,1,9,5,11,11,6,7,9,117
ASV803,11,4,4,7,6,2,4,8,7,9,9,7,8,4,6,14,2,5,117
ASV822,11,1,5,9,3,5,9,2,4,6,7,16,6,12,8,8,3,1,116
ASV1149,25,6,9,11,11,2,4,4,6,4,9,7,3,5,4,2,1,2,115
ASV4133,7,6,7,8,5,9,3,13,3,7,8,9,4,3,5,2,9,7,115
ASV428,14,4,10,10,6,11,9,2,5,6,9,5,2,4,4,6,4,4,115
ASV468,14,11,9,9,10,10,5,3,4,7,9,4,1,6,5,3,1,3,114
ASV870,7,7,5,4,7,9,5,6,9,4,8,3,7,8,9,5,7,4,114
ASV924,6,1,4,6,6,3,8,10,6,15,11,8,8,5,8,6,1,2,114
ASV1273,21,10,5,4,9,10,8,3,6,4,4,5,6,6,4,2,4,2,113
ASV22,1,2,2,3,2,1,1,4,2,1,1,1,5,6,4,10,15,52,113
ASV464,4,6,5,4,12,5,9,5,4,9,8,9,7,5,6,4,8,3,113
ASV604,6,4,14,5,4,6,4,5,5,9,6,6,4,3,10,11,7,4,113
ASV682,3,16,3,8,6,7,4,5,8,10,8,7,7,3,5,6,2,5,113
ASV1027,5,7,6,10,8,5,9,5,5,6,4,5,13,6,6,3,6,3,112
ASV106,5,2,5,3,3,4,2,5,5,6,3,4,6,9,3,13,20,14,112
ASV1066,12,1,5,6,4,6,6,2,6,5,3,8,6,6,4,10,15,7,112
ASV2411,3,2,7,8,13,6,11,8,2,4,7,8,5,8,5,2,8,5,112
ASV458,16,3,13,7,11,6,3,5,6,11,5,4,6,8,2,2,2,2,112
ASV675,10,6,19,5,6,5,2,3,8,10,8,3,12,4,5,2,2,2,112
ASV1032,5,4,2,2,11,6,5,2,5,7,5,18,7,14,8,3,5,2,111
ASV1793,5,3,14,7,10,9,5,6,7,9,6,3,8,5,4,2,4,4,111
ASV216,1,1,1,1,2,5,1,3,7,5,3,10,9,10,5,19,9,19,111
ASV326,14,6,7,10,10,10,3,3,7,10,5,3,8,2,3,1,4,5,111
ASV557,4,7,4,3,5,6,5,6,8,1,8,2,3,8,9,7,7,18,111
ASV4518,9,10,12,16,5,5,8,4,9,1,2,3,3,4,4,6,3,6,110
ASV2744,7,7,6,9,6,9,7,4,4,7,7,8,7,7,4,3,3,4,109
ASV3072,4,5,4,2,3,6,5,6,5,4,5,9,5,6,9,4,16,11,109
ASV412,6,13,7,7,8,9,5,8,5,8,2,4,7,9,4,1,2,4,109
ASV414,7,4,4,6,6,3,2,5,4,4,4,7,6,2,11,19,10,5,109
ASV449,11,7,5,16,13,4,2,3,3,12,2,7,5,6,6,4,1,2,109
ASV664,5,2,5,6,9,8,8,8,3,8,12,4,4,2,2,11,5,7,109
ASV980,6,2,1,7,1,6,6,2,9,12,5,7,4,5,11,8,10,7,109
ASV1007,2,1,3,1,4,6,5,6,6,8,5,10,11,9,7,11,8,5,108
ASV1381,1,3,3,2,5,3,7,8,7,6,8,11,10,9,3,7,7,8,108
ASV1594,8,6,7,3,6,6,5,8,4,3,6,10,2,12,3,6,7,6,108
ASV269,9,5,4,13,6,9,8,5,8,7,6,11,2,6,2,4,2,1,108
ASV857,6,8,4,1,1,5,2,1,5,5,2,5,3,7,4,12,28,9,108
ASV955,8,5,11,10,10,7,10,6,8,2,10,2,4,3,3,3,3,3,108
ASV444,7,8,3,5,11,7,1,3,9,8,2,9,3,5,11,9,3,3,107
ASV1042,9,8,8,7,3,4,3,6,5,4,6,4,7,9,6,6,2,9,106
ASV1115,6,4,3,12,9,7,5,5,6,5,6,3,7,7,5,6,5,5,106
ASV1215,7,7,5,5,9,11,2,12,7,5,5,1,10,8,2,4,4,2,106
ASV1346,3,1,2,2,22,5,4,2,8,3,5,7,10,14,3,7,7,1,106
ASV174,4,5,7,10,2,4,3,4,6,6,4,2,3,4,9,12,13,8,106
ASV1985,7,14,6,6,3,6,5,7,5,14,5,6,5,6,2,2,5,2,106
ASV1986,9,7,6,8,8,9,7,2,3,5,2,5,4,12,3,8,4,4,106
ASV922,7,8,13,2,9,8,13,4,10,5,6,5,5,2,3,3,2,1,106
ASV944,12,5,12,3,6,7,2,1,7,5,7,6,8,4,10,6,3,2,106
ASV995,17,7,12,7,5,8,6,2,3,10,2,7,7,4,3,4,1,1,106
ASV1210,4,2,6,5,3,5,6,8,6,3,4,8,8,8,4,10,7,8,105
ASV1286,9,5,7,7,9,7,6,8,4,7,6,7,3,4,3,5,6,2,105
ASV221,12,5,10,3,1,9,2,1,6,2,9,4,10,6,3,11,3,8,105
ASV571,3,3,2,4,5,7,1,3,7,4,8,4,11,12,8,7,9,7,105
ASV596,8,7,5,6,4,5,10,5,7,8,8,9,4,5,5,7,1,1,105
ASV1468,11,8,13,5,5,4,9,4,7,8,5,5,4,5,3,5,2,1,104
ASV1691,5,3,5,10,3,7,5,7,5,4,11,6,5,7,3,6,7,5,104
ASV379,5,4,5,4,8,9,7,4,5,5,7,2,2,8,6,4,7,12,104
ASV467,11,11,4,2,6,1,6,6,3,8,6,12,6,3,3,9,3,4,104
ASV1059,4,1,2,9,3,3,5,9,3,4,7,8,9,7,4,11,6,8,103
ASV1395,10,6,10,4,7,2,9,2,5,5,7,7,2,7,8,2,7,3,103
ASV3900,14,8,6,10,2,3,6,3,5,4,8,2,6,6,5,4,6,5,103
ASV579,15,7,6,7,8,6,7,2,7,10,3,6,6,3,4,2,3,1,103
ASV641,3,4,4,3,3,3,3,4,2,8,9,3,6,4,8,14,12,10,103
ASV672,20,5,4,8,11,9,7,3,6,7,2,2,4,2,5,5,1,2,103
ASV881,7,12,7,11,8,6,6,5,3,12,6,3,7,2,2,4,1,1,103
ASV938,3,2,1,4,10,3,4,5,3,1,4,4,3,7,8,13,17,11,103
ASV1353,12,6,5,7,6,9,4,8,4,2,6,8,6,6,8,2,1,2,102
ASV4134,5,9,6,8,4,10,8,5,8,8,6,5,6,4,2,2,3,3,102
ASV798,5,10,13,7,3,7,8,7,8,5,7,4,4,3,1,8,1,1,102
ASV914,4,3,4,5,2,4,2,8,7,8,8,4,9,2,9,14,4,5,102
ASV930,7,7,5,8,12,5,4,4,6,9,5,5,3,4,4,6,7,1,102
ASV1408,1,1,8,1,6,9,7,2,5,6,9,6,9,7,8,7,2,7,101
ASV1704,3,8,7,6,3,5,4,9,3,4,8,3,4,4,6,3,11,10,101
ASV482,6,4,6,7,5,8,4,5,6,5,1,6,3,6,6,6,4,13,101
ASV624,6,2,6,4,4,4,3,2,3,3,8,2,6,5,4,15,14,10,101
ASV892,5,3,6,9,8,6,4,6,6,5,6,4,6,9,6,6,5,1,101
ASV4454,4,5,2,4,2,3,5,7,6,8,6,10,14,7,8,2,4,3,100
ASV748,13,7,12,6,7,5,6,1,6,1,7,3,3,6,7,4,3,3,100
ASV759,3,6,7,8,6,4,5,4,3,6,6,11,12,3,2,3,8,3,100
ASV1852,6,4,3,2,6,8,3,3,6,11,7,5,9,8,9,1,5,3,99
ASV4265,9,7,5,7,7,2,4,2,9,7,4,4,9,6,2,1,7,7,99
ASV488,12,10,7,2,8,7,8,3,6,10,2,4,4,5,6,1,2,2,99
ASV503,14,2,12,7,7,10,2,4,1,10,2,3,2,7,4,4,4,4,99
ASV751,2,5,2,7,4,3,5,5,6,5,6,3,5,5,5,8,14,9,99
ASV941,3,3,3,5,2,5,9,3,3,5,5,6,8,4,5,17,7,6,99
ASV1198,4,11,5,9,4,6,6,4,4,8,8,8,4,5,6,2,2,2,98
ASV1607,3,6,9,8,7,5,4,6,5,7,5,5,1,6,5,4,7,5,98
ASV2511,10,5,8,6,10,9,6,8,7,6,6,2,5,2,3,2,2,1,98
ASV420,9,6,5,4,9,4,6,4,4,6,7,5,7,2,7,6,5,2,98
ASV550,2,10,4,8,4,5,2,5,6,3,6,3,3,5,6,11,9,6,98
ASV680,9,4,6,9,4,2,6,4,4,5,3,4,8,6,9,6,4,5,98
ASV1842,3,4,9,4,2,4,8,3,5,5,4,7,5,6,4,5,6,13,97
ASV2736,8,3,8,3,9,10,10,2,3,4,2,10,8,2,5,4,2,4,97
ASV491,8,5,4,6,6,5,9,7,5,4,6,2,9,5,5,2,3,6,97
ASV5525,4,6,3,8,6,7,7,4,10,3,5,5,3,7,7,1,9,2,97
ASV1221,9,6,6,3,4,13,7,3,7,7,4,4,6,5,4,4,2,2,96
ASV1254,7,8,8,2,1,8,8,3,5,8,2,5,10,4,6,5,3,3,96
ASV1295,7,5,11,5,6,4,13,5,2,11,6,6,4,3,1,3,2,2,96
ASV373,5,5,6,5,2,5,2,6,4,11,7,4,7,7,8,7,1,4,96
ASV510,8,4,11,4,3,9,2,5,7,8,6,4,6,6,3,6,2,2,96
ASV721,8,7,9,11,6,6,4,5,4,5,1,5,6,8,5,3,2,1,96
ASV854,5,3,4,4,8,3,3,2,4,4,4,8,8,5,8,10,9,4,96
ASV975,7,2,5,6,7,5,5,7,8,7,4,4,4,4,9,5,5,2,96
ASV1740,8,10,12,5,3,9,3,2,2,9,5,12,3,4,4,2,1,1,95
ASV5772,7,6,9,10,3,3,4,3,4,5,5,6,2,3,3,5,10,7,95
ASV1581,8,7,4,3,7,10,4,5,3,4,4,9,5,1,2,5,4,9,94
ASV548,8,9,4,5,7,4,4,5,7,4,4,8,5,5,3,6,3,3,94
ASV101,6,1,3,5,4,12,7,1,3,3,7,3,3,9,5,8,8,5,93
ASV1535,2,4,1,2,8,2,4,5,3,6,6,6,2,10,3,21,6,2,93
ASV2185,3,11,5,8,5,11,3,7,5,8,2,7,6,3,2,4,1,2,93
ASV611,6,8,5,3,5,4,8,9,3,9,7,5,7,2,3,4,3,2,93
ASV707,12,10,8,2,4,8,7,3,3,11,5,6,4,4,2,1,1,2,93
ASV833,12,4,2,4,9,6,4,6,1,5,7,2,5,3,3,12,5,3,93
ASV1432,6,4,3,3,6,5,5,4,7,9,7,6,7,6,4,2,2,6,92
ASV509,2,3,5,4,2,6,7,5,3,6,11,2,5,5,1,16,6,3,92
ASV661,9,4,5,5,6,5,2,9,7,2,3,4,4,10,4,7,3,3,92
ASV1141,1,2,3,6,1,1,4,3,4,6,7,9,7,4,8,12,6,7,91
ASV1229,3,3,1,2,7,4,2,3,9,8,8,4,2,9,17,5,2,2,91
ASV437,14,8,10,8,7,7,6,4,4,2,3,1,3,8,2,1,2,1,91
ASV128,6,4,3,6,3,13,6,3,4,7,5,2,3,3,3,11,4,4,90
ASV5511,3,9,7,10,6,3,5,4,5,5,6,6,9,2,3,2,2,3,90
ASV893,3,5,5,2,7,2,2,6,3,4,13,8,4,8,5,6,3,4,90
ASV1051,9,8,5,3,8,6,6,2,4,4,5,7,6,6,1,7,1,1,89
ASV1232,3,2,6,4,2,4,4,3,8,4,3,3,2,3,4,5,15,14,89
ASV1483,1,4,2,4,8,8,7,4,5,10,4,4,9,3,4,2,7,3,89
ASV1812,5,3,6,3,10,5,6,5,7,3,6,4,3,2,2,8,6,5,89
ASV1024,16,9,2,6,8,5,6,5,4,3,4,2,2,3,2,2,2,7,88
ASV1213,4,5,3,4,8,6,8,6,5,3,4,3,5,4,2,9,6,3,88
ASV1561,2,2,2,4,1,2,6,6,5,1,4,7,9,14,4,12,4,3,88
ASV282,7,7,8,4,4,5,11,1,1,6,2,7,4,2,3,5,7,4,88
ASV771,7,3,4,2,1,3,3,3,2,5,4,2,5,3,7,6,8,20,88
ASV1123,6,4,8,6,8,5,6,3,5,3,6,4,2,4,2,8,4,3,87
ASV1272,1,1,3,10,5,8,2,3,6,6,1,5,5,7,6,6,6,6,87
ASV1514,3,8,3,7,4,4,8,4,2,12,7,3,3,9,3,2,3,2,87
ASV415,10,2,8,5,5,4,7,6,4,3,2,6,2,6,9,5,1,2,87
ASV507,4,5,2,2,2,4,2,3,3,3,6,2,5,10,10,6,8,10,87
ASV905,4,5,3,2,8,5,3,5,6,11,5,7,5,2,6,4,4,2,87
ASV3631,2,5,8,3,6,6,3,4,10,6,7,6,2,3,3,5,3,4,86
ASV814,13,8,6,7,6,6,1,2,2,6,1,3,6,4,2,6,3,4,86
ASV891,6,3,3,9,5,6,1,3,5,1,5,5,3,1,5,12,10,3,86
ASV937,6,4,8,7,1,5,7,6,2,11,3,7,3,3,5,1,3,4,86
ASV1428,6,8,4,7,5,7,10,4,5,4,2,6,5,1,5,2,1,3,85
ASV1499,6,9,4,6,5,4,8,5,5,4,6,6,5,2,1,4,3,2,85
ASV3995,6,8,6,7,2,4,10,5,4,3,4,4,4,4,5,2,4,3,85
ASV566,8,5,4,4,7,8,6,6,4,5,5,5,1,1,4,6,5,1,85
ASV597,4,9,6,7,2,4,4,5,7,2,10,5,3,5,3,2,3,4,85
ASV1217,2,7,12,10,4,3,8,3,5,5,4,3,3,2,6,3,3,1,84
ASV2290,7,11,6,3,5,8,4,3,3,4,5,5,3,3,3,6,3,2,84
ASV2361,2,2,2,1,6,3,2,6,8,4,3,7,9,11,8,4,3,3,84
ASV4272,5,4,6,1,3,4,4,8,4,3,5,5,9,5,3,7,6,2,84
ASV709,8,10,4,6,5,6,3,3,2,4,6,6,5,3,2,4,6,1,84
ASV787,6,9,10,6,2,7,3,2,4,5,5,5,3,5,3,1,5,3,84
ASV1193,5,7,8,7,2,3,7,4,5,5,6,6,9,4,1,2,1,1,83
ASV603,8,5,8,6,7,2,4,7,6,4,8,1,4,1,4,6,1,1,83
ASV1020,3,8,5,3,2,3,6,3,5,8,5,3,6,5,3,4,5,5,82
ASV1038,6,6,6,7,2,9,6,2,4,4,3,6,10,1,2,2,4,2,82
ASV452,3,2,2,1,1,4,3,1,3,2,4,4,1,6,4,12,11,18,82
ASV529,5,7,7,7,4,7,7,7,3,7,7,2,4,2,2,1,2,1,82
ASV640,6,4,7,4,1,2,4,4,5,7,4,2,3,2,5,8,10,4,82
ASV1026,10,7,6,8,4,4,3,4,3,8,5,5,3,1,3,4,1,2,81
ASV1196,3,2,3,4,3,8,7,3,3,5,3,5,7,3,5,7,3,7,81
ASV1972,3,2,8,6,3,5,7,3,5,4,3,5,9,3,5,3,4,3,81
ASV2017,15,8,6,5,4,7,5,1,5,2,4,3,4,2,3,2,2,3,81
ASV4396,3,5,6,5,3,5,4,6,7,3,3,5,5,2,2,6,5,6,81
ASV560,7,4,10,8,5,7,2,3,3,8,1,2,1,4,5,6,1,4,81
ASV956,9,8,4,5,5,3,3,3,4,10,3,3,4,2,6,2,1,6,81
ASV1017,4,2,1,3,1,4,1,3,3,1,9,6,8,6,4,11,7,6,80
ASV2155,3,4,2,4,2,3,2,4,5,1,10,13,4,4,2,6,5,6,80
ASV2218,3,1,5,6,4,7,2,2,7,5,8,6,5,7,2,5,3,2,80
ASV402,4,8,2,2,5,3,3,4,3,3,5,5,1,1,7,6,13,5,80
ASV419,3,4,5,3,6,4,2,8,5,3,3,4,1,7,1,5,10,6,80
ASV1292,10,5,9,5,3,2,4,4,5,4,5,10,3,4,2,2,1,1,79
ASV1595,2,2,5,6,3,1,3,4,8,5,7,3,9,9,6,4,1,1,79
ASV423,10,6,9,7,4,2,4,2,3,4,1,3,8,5,5,3,2,1,79
ASV418,6,5,7,4,1,7,2,1,5,7,11,4,3,5,1,6,2,1,78
ASV622,5,1,10,5,9,8,3,2,1,8,3,5,4,4,2,6,1,1,78
ASV702,3,2,1,5,3,3,2,1,4,5,3,5,8,7,4,12,6,4,78
ASV1450,6,5,3,4,1,4,3,3,1,3,6,5,2,2,4,15,8,2,77
ASV1733,4,9,5,2,3,1,3,4,4,4,3,4,11,5,6,3,3,3,77
ASV1277,10,6,4,1,5,6,6,2,1,8,4,4,5,2,8,1,2,1,76
ASV2530,2,3,3,2,6,9,1,6,7,4,2,3,2,7,3,3,4,9,76
ASV658,5,10,7,5,7,4,3,9,1,3,3,2,2,6,3,3,2,1,76
ASV865,1,10,2,1,4,4,6,2,8,6,4,5,1,8,1,6,3,4,76
ASV1005,10,7,5,3,3,6,4,4,1,1,2,2,7,4,7,5,2,2,75
ASV2066,5,4,5,2,4,11,8,3,1,5,3,5,4,4,6,3,1,1,75
ASV2213,5,9,8,6,4,4,3,2,5,5,4,4,3,3,4,1,2,3,75
ASV724,4,2,1,7,1,3,4,2,4,6,3,3,3,6,5,7,6,8,75
ASV1136,3,2,2,2,4,2,3,4,3,1,2,5,2,9,11,3,6,10,74
ASV1208,4,1,5,3,4,4,7,1,5,2,5,5,1,6,3,15,1,2,74
ASV1430,10,1,2,5,1,7,2,2,11,5,10,2,4,4,5,1,1,1,74
ASV2010,1,5,2,5,5,8,4,5,2,4,2,9,2,4,7,2,1,6,74
ASV625,2,1,2,3,4,6,4,1,2,2,1,3,3,4,5,13,7,10,73
ASV779,11,3,5,2,6,4,2,4,4,2,3,1,6,6,4,6,1,3,73
ASV1247,9,1,7,8,3,4,5,1,3,5,2,3,2,4,7,4,2,2,72
ASV1840,2,4,2,2,4,6,3,3,8,4,2,6,5,8,5,2,5,1,72
ASV3752,15,5,8,8,1,4,6,2,3,5,4,4,1,1,1,1,2,1,72
ASV91,1,6,3,7,4,3,6,3,4,4,4,4,3,4,4,3,1,8,72
ASV1071,5,3,4,2,6,8,9,3,3,4,2,5,3,3,2,2,4,3,71
ASV1293,5,3,3,4,1,1,1,3,3,4,2,4,4,2,2,3,9,17,71
ASV2940,1,10,5,3,3,5,1,4,4,4,5,7,2,6,3,4,3,1,71
ASV797,3,5,18,3,1,4,3,4,5,4,3,1,2,2,7,2,2,2,71
ASV900,4,4,3,8,4,3,4,1,3,2,7,1,6,5,5,6,2,3,71
ASV911,3,1,7,2,2,9,1,3,3,3,6,2,2,6,5,5,7,4,71
ASV925,2,6,3,4,6,2,3,3,1,1,2,6,5,5,3,4,5,10,71
ASV2220,1,1,1,2,16,4,5,2,3,1,10,2,1,5,4,3,7,2,70
ASV5638,8,4,5,3,6,5,5,3,6,2,3,3,5,3,4,2,2,1,70
ASV1626,2,2,4,4,1,4,3,3,2,9,5,1,3,4,9,3,2,8,69
ASV1698,6,8,4,3,3,4,2,5,8,3,3,3,3,2,4,5,2,1,69
ASV199,4,2,2,2,3,5,5,1,2,4,4,2,6,2,3,7,7,8,69
ASV554,9,5,6,5,4,6,4,2,3,1,3,2,5,4,3,4,2,1,69
ASV1417,8,2,6,5,4,5,2,5,2,2,5,1,2,7,4,3,3,2,68
ASV769,6,1,5,12,5,4,6,2,4,5,1,2,1,2,4,2,2,4,68
ASV1070,5,5,5,5,6,3,3,5,1,3,3,3,1,1,5,6,2,5,67
ASV1120,10,4,5,5,4,5,4,3,2,4,2,2,3,4,5,1,1,3,67
ASV1219,4,3,2,3,11,4,3,4,5,2,4,4,2,8,1,3,3,1,67
ASV1350,4,4,3,3,2,3,3,3,1,4,8,7,4,3,3,7,4,1,67
ASV522,5,2,6,3,6,6,2,1,1,7,4,4,1,4,5,6,3,1,67
ASV850,5,2,1,2,1,4,1,4,4,2,3,3,5,5,4,6,9,6,67
ASV1588,2,6,1,5,7,4,1,5,7,2,4,8,2,2,5,2,2,1,66
ASV547,8,5,6,4,6,2,2,2,1,3,1,2,4,3,1,3,4,8,65
ASV692,5,3,6,2,2,3,4,3,3,4,3,5,3,3,1,10,2,3,65
ASV1036,10,7,3,2,4,3,4,2,1,2,3,3,5,7,2,2,2,2,64
ASV1186,1,3,1,1,3,1,2,2,1,1,2,2,3,15,5,2,7,12,64
ASV2817,6,1,3,7,5,7,1,5,3,2,4,4,4,1,2,5,1,3,64
ASV3768,8,2,3,7,2,6,4,2,5,7,3,1,4,2,2,4,1,1,64
ASV1615,4,9,7,7,5,5,2,2,4,3,4,1,3,1,1,3,1,1,63
ASV1738,5,4,3,4,3,9,8,2,2,5,1,5,5,1,3,1,1,1,63
ASV909,6,6,6,4,4,4,6,1,1,6,1,4,1,3,1,4,2,3,63
ASV871,3,2,1,3,4,1,2,1,5,2,4,3,5,3,3,14,4,2,62
ASV982,6,2,5,7,2,7,2,3,2,1,2,2,1,2,2,11,2,3,62
ASV1166,10,6,3,4,4,3,2,3,3,1,3,3,3,1,2,3,5,2,61
ASV1363,3,1,1,3,9,6,4,1,1,1,3,2,7,3,1,7,4,4,61
ASV1435,2,4,4,4,6,1,6,1,5,5,1,2,3,1,2,5,1,8,61
ASV1511,1,3,3,8,3,5,2,5,1,2,3,2,5,4,4,6,2,2,61
ASV2026,2,1,3,2,1,1,4,2,4,2,4,1,4,8,6,5,5,6,61
ASV876,8,3,7,5,6,6,2,1,1,4,3,3,4,3,2,1,1,1,61
ASV1165,3,1,1,1,2,2,3,3,3,3,5,2,5,7,3,9,4,3,60
ASV1228,6,4,8,2,5,4,2,2,4,2,3,2,5,3,1,2,4,1,60
ASV2114,4,1,10,9,3,4,2,2,2,2,3,5,2,2,3,2,1,3,60
ASV426,3,3,5,1,3,5,4,4,3,5,3,1,2,4,3,3,5,3,60
ASV1251,7,7,6,4,3,2,3,1,2,6,3,2,2,2,1,1,1,5,58
ASV1364,3,3,2,5,2,5,4,6,1,4,3,3,5,2,3,3,2,2,58
ASV1505,2,7,2,1,5,3,3,2,3,5,4,4,4,2,3,4,2,2,58
ASV1772,2,2,4,4,4,2,6,3,1,3,3,3,5,6,2,1,5,2,58
ASV1907,2,7,4,2,5,4,2,1,3,8,8,2,1,2,3,1,2,1,58
ASV1202,5,5,2,2,3,2,5,3,1,8,3,1,5,4,3,3,1,1,57
ASV1437,4,5,2,3,3,6,5,2,3,6,2,2,2,4,4,1,1,2,57
ASV2242,1,2,3,4,1,2,3,5,3,7,1,1,7,3,2,4,2,6,57
ASV4966,8,2,4,5,2,5,1,5,4,4,1,4,2,2,2,4,1,1,57
ASV693,4,4,3,1,3,6,3,1,7,2,3,2,3,1,2,3,6,3,57
ASV816,1,4,5,5,4,2,4,2,2,3,2,3,4,2,1,4,4,5,57
ASV1269,3,6,4,6,5,1,2,5,4,3,1,4,3,2,3,2,1,1,56
ASV163,2,2,7,4,4,3,1,1,3,2,3,5,2,1,1,4,6,4,55
ASV1804,2,3,4,5,3,1,2,1,2,4,1,4,1,3,6,9,2,2,55
ASV1298,6,9,5,1,8,3,4,3,2,4,1,2,1,1,1,1,1,1,54
ASV2570,7,2,6,2,2,1,1,3,2,2,5,2,1,1,3,8,3,3,54
ASV2383,3,6,4,5,3,4,4,5,3,2,1,1,3,2,2,2,2,1,53
ASV2400,2,2,2,2,2,3,2,6,5,5,3,2,5,6,1,2,1,2,53
ASV3189,7,2,2,3,2,3,4,1,3,5,3,3,2,2,4,3,2,2,53
ASV863,5,2,4,1,1,6,1,1,6,1,2,3,3,3,2,3,5,4,53
ASV1643,6,5,1,1,4,5,3,3,2,2,2,6,1,1,2,2,1,3,50
ASV2433,4,3,1,4,3,2,3,1,3,1,5,5,3,1,6,3,1,1,50
ASV2822,2,3,1,3,5,1,2,8,4,1,4,1,2,4,3,2,2,2,50
ASV1513,5,2,6,1,3,4,2,2,1,4,5,1,4,2,1,4,1,1,49
ASV761,2,2,2,1,3,3,3,2,5,1,4,1,7,1,2,3,6,1,49
ASV957,2,1,6,3,2,2,1,2,4,2,5,3,1,6,1,3,3,1,48
ASV1446,3,3,2,2,3,2,4,1,2,5,3,4,4,1,3,1,2,2,47
ASV1780,1,3,4,1,3,3,1,2,1,3,2,1,5,3,9,2,1,1,46
ASV3570,4,1,3,1,1,3,1,2,1,3,2,2,4,3,1,3,2,9,46
ASV4501,4,3,3,1,2,2,2,1,2,1,2,2,2,4,2,2,8,3,46
ASV1140,7,2,2,2,2,1,4,2,3,2,2,2,4,3,1,1,1,4,45
ASV705,5,4,1,2,3,3,4,1,2,3,3,2,2,3,2,2,1,2,45
ASV2093,1,3,2,3,4,3,1,4,2,1,2,2,1,3,5,1,5,1,44
ASV729,2,1,3,2,1,3,1,3,1,2,1,4,4,1,7,4,1,2,43
ASV2338,1,2,2,2,2,2,3,2,1,5,3,1,4,1,3,2,2,2,40
ASV1838,3,7,5,2,3,1,2,2,1,3,1,2,1,1,1,1,1,2,39
ASV1551,3,2,4,4,4,2,1,1,1,2,3,1,1,1,1,2,2,2,37
