Id,Label,timeset,G
ASV1,ASV1,,Pseudomonas
ASV199,ASV199,,Brevundimonas
ASV2008,ASV2008,,Pseudomonas
ASV2771,ASV2771,,Pseudomonas
ASV3570,ASV3570,,Flavobacterium
ASV413,ASV413,,Unassigned
ASV433,ASV433,,Burkholderia
ASV5848,ASV5848,,Pseudomonas
ASV624,ASV624,,Nocardioides
ASV634,ASV634,,Unassigned
ASV70,ASV70,,Comamonas
ASV10,ASV10,,Psychrobacter
ASV134,ASV134,,Cellvibrio
ASV2291,ASV2291,,Unassigned
ASV3,ASV3,,Planococcus
ASV30,ASV30,,Unassigned
ASV3754,ASV3754,,Unassigned
ASV39,ASV39,,Unassigned
ASV4085,ASV4085,,Unassigned
ASV49,ASV49,,Exiguobacterium
ASV860,ASV860,,Planococcus
ASV100,ASV100,,Sphingobacterium
ASV102,ASV102,,Pedobacter
ASV107,ASV107,,Flavobacterium
ASV108,ASV108,,Unassigned
ASV110,ASV110,,Pedobacter
ASV111,ASV111,,Flavobacterium
ASV114,ASV114,,Flavobacterium
ASV116,ASV116,,Planococcus
ASV117,ASV117,,Pseudomonas
ASV1198,ASV1198,,Unassigned
ASV122,ASV122,,Flavobacterium
ASV13,ASV13,,Pseudomonas
ASV14,ASV14,,Unassigned
ASV15,ASV15,,Flavisolibacter
ASV165,ASV165,,Brevundimonas
ASV18,ASV18,,Planococcus
ASV194,ASV194,,Pontibacter
ASV206,ASV206,,Flavobacterium
ASV220,ASV220,,Pseudomonas
ASV225,ASV225,,Unassigned
ASV229,ASV229,,Unassigned
ASV237,ASV237,,Pedobacter
ASV24,ASV24,,Pseudomonas
ASV252,ASV252,,Flavobacterium
ASV266,ASV266,,Pseudomonas
ASV277,ASV277,,Bosea
ASV288,ASV288,,Unassigned
ASV32,ASV32,,Paracocccus
ASV327,ASV327,,Flavobacterium
ASV344,ASV344,,Chryseobacterium
ASV36,ASV36,,Chryseobacterium
ASV3732,ASV3732,,Pseudomonas
ASV38,ASV38,,Pseudomonas
ASV4134,ASV4134,,Pseudomonas
ASV436,ASV436,,Pseudomonas
ASV451,ASV451,,Unassigned
ASV51,ASV51,,Bacillus
ASV529,ASV529,,Unassigned
ASV56,ASV56,,Flavobacterium
ASV61,ASV61,,Sphingobacterium
ASV62,ASV62,,Parasegetibacter
ASV681,ASV681,,Pontibacter
ASV74,ASV74,,Paracocccus
ASV781,ASV781,,Nocardioides
ASV80,ASV80,,Pedobacter
ASV810,ASV810,,Flavobacterium
ASV828,ASV828,,Unassigned
ASV850,ASV850,,Achromobacter
ASV854,ASV854,,Sphingomonas
ASV87,ASV87,,Pedobacter
ASV93,ASV93,,Sphingobacterium
ASV1002,ASV1002,,Pseudomonas
ASV1595,ASV1595,,Cupriavidus
ASV7,ASV7,,Unassigned
ASV1005,ASV1005,,Unassigned
ASV390,ASV390,,Blastocatella
ASV554,ASV554,,Blastocatella
ASV1007,ASV1007,,Nocardioides
ASV1024,ASV1024,,Paenibacillus
ASV113,ASV113,,Paracocccus
ASV1251,ASV1251,,Mesorhizobium
ASV150,ASV150,,Acinetobacter
ASV1730,ASV1730,,Unassigned
ASV175,ASV175,,Acinetobacter
ASV187,ASV187,,Pseudomonas
ASV196,ASV196,,Massilia
ASV197,ASV197,,Pontibacter
ASV216,ASV216,,Chryseobacterium
ASV2361,ASV2361,,Unassigned
ASV27,ASV27,,Arthrobacter
ASV276,ASV276,,Massilia
ASV31,ASV31,,Paracocccus
ASV363,ASV363,,Acinetobacter
ASV37,ASV37,,Acinetobacter
ASV4,ASV4,,Acinetobacter
ASV404,ASV404,,Acinetobacter
ASV41,ASV41,,Massilia
ASV44,ASV44,,Agrococcus
ASV445,ASV445,,Arthrobacter
ASV48,ASV48,,Acinetobacter
ASV5,ASV5,,Arthrobacter
ASV54,ASV54,,Devosia
ASV5687,ASV5687,,Acinetobacter
ASV57,ASV57,,Massilia
ASV655,ASV655,,Bosea
ASV702,ASV702,,Unassigned
ASV741,ASV741,,Unassigned
ASV79,ASV79,,Arthrobacter
ASV856,ASV856,,Flavobacterium
ASV9,ASV9,,Alkanindiges
ASV955,ASV955,,Aeromicrobium
ASV96,ASV96,,Arthrobacter
ASV101,ASV101,,Rhizobium
ASV1269,ASV1269,,Unassigned
ASV1013,ASV1013,,Rufibacter
ASV170,ASV170,,Pseudomonas
ASV1015,ASV1015,,Unassigned
ASV966,ASV966,,Unassigned
ASV1017,ASV1017,,Flavobacterium
ASV1298,ASV1298,,Aeromicrobium
ASV172,ASV172,,Acinetobacter
ASV1838,ASV1838,,Unassigned
ASV2155,ASV2155,,Unassigned
ASV273,ASV273,,Adhaeribacter
ASV459,ASV459,,Nitrospira
ASV488,ASV488,,Iamia
ASV514,ASV514,,Pontibacter
ASV571,ASV571,,Unassigned
ASV5744,ASV5744,,Unassigned
ASV660,ASV660,,Unassigned
ASV677,ASV677,,Massilia
ASV732,ASV732,,Chryseobacterium
ASV82,ASV82,,Pontibacter
ASV106,ASV106,,Brevundimonas
ASV1217,ASV1217,,Rhodobacter
ASV5511,ASV5511,,Unassigned
ASV600,ASV600,,Cellulomonas
ASV90,ASV90,,Paracocccus
ASV1020,ASV1020,,Paucimonas
ASV155,ASV155,,Devosia
ASV485,ASV485,,Lysobacter
ASV553,ASV553,,Rufibacter
ASV1026,ASV1026,,Nocardioides
ASV1740,ASV1740,,Unassigned
ASV192,ASV192,,Devosia
ASV207,ASV207,,Unassigned
ASV219,ASV219,,Stenotrophomonas
ASV25,ASV25,,Dyadobacter
ASV260,ASV260,,Unassigned
ASV297,ASV297,,Sphingomonas
ASV369,ASV369,,Unassigned
ASV3752,ASV3752,,Unassigned
ASV456,ASV456,,Sphingomonas
ASV531,ASV531,,Sphingomonas
ASV85,ASV85,,Nocardioides
ASV881,ASV881,,Unassigned
ASV92,ASV92,,Agromyces
ASV95,ASV95,,Unassigned
ASV1027,ASV1027,,Unassigned
ASV103,ASV103,,Microbacterium
ASV159,ASV159,,Candidatus_Nitrososphaera
ASV228,ASV228,,Domibacillus
ASV515,ASV515,,Pseudomonas
ASV1030,ASV1030,,Unassigned
ASV1069,ASV1069,,Pseudomonas
ASV183,ASV183,,Pedobacter
ASV184,ASV184,,Paracocccus
ASV227,ASV227,,Nibribacter
ASV233,ASV233,,Unassigned
ASV263,ASV263,,Pseudomonas
ASV293,ASV293,,Unassigned
ASV463,ASV463,,Pontibacter
ASV71,ASV71,,Massilia
ASV73,ASV73,,Flavobacterium
ASV763,ASV763,,Paucimonas
ASV941,ASV941,,Aeromicrobium
ASV1032,ASV1032,,Massilia
ASV1840,ASV1840,,Pseudomonas
ASV1852,ASV1852,,Unassigned
ASV500,ASV500,,Cellulomonas
ASV67,ASV67,,Massilia
ASV770,ASV770,,Massilia
ASV1036,ASV1036,,Unassigned
ASV1051,ASV1051,,Unassigned
ASV1232,ASV1232,,Noviherbaspirillum
ASV1273,ASV1273,,Unassigned
ASV1038,ASV1038,,Unassigned
ASV1738,ASV1738,,Unassigned
ASV349,ASV349,,Hyphomicrobium
ASV104,ASV104,,Flavisolibacter
ASV248,ASV248,,Unassigned
ASV625,ASV625,,Flavisolibacter
ASV1042,ASV1042,,Rubellimicrobium
ASV346,ASV346,,Ornithinimicrobium
ASV105,ASV105,,Nocardioides
ASV1161,ASV1161,,Arthrobacter
ASV146,ASV146,,Cohnella
ASV2290,ASV2290,,Unassigned
ASV242,ASV242,,Ferruginibacter
ASV548,ASV548,,Blastocatella
ASV727,ASV727,,Unassigned
ASV76,ASV76,,Unassigned
ASV1059,ASV1059,,Chryseobacterium
ASV1907,ASV1907,,Blastococcus
ASV585,ASV585,,Luteimonas
ASV123,ASV123,,Flavobacterium
ASV1428,ASV1428,,Rubellimicrobium
ASV475,ASV475,,Brevundimonas
ASV591,ASV591,,Pedobacter
ASV1066,ASV1066,,Agrococcus
ASV3236,ASV3236,,Paracocccus
ASV247,ASV247,,Nocardioides
ASV3347,ASV3347,,Pseudomonas
ASV403,ASV403,,Paucimonas
ASV501,ASV501,,Geodermatophilus
ASV59,ASV59,,Pontibacter
ASV641,ASV641,,Erythrobacter
ASV752,ASV752,,Unassigned
ASV771,ASV771,,Cytophaga
ASV115,ASV115,,Flavisolibacter
ASV1243,ASV1243,,Unassigned
ASV1358,ASV1358,,Arthrobacter
ASV1492,ASV1492,,Streptomyces
ASV158,ASV158,,Unassigned
ASV180,ASV180,,Unassigned
ASV226,ASV226,,Rufibacter
ASV231,ASV231,,Nocardioides
ASV2383,ASV2383,,Arthrobacter
ASV29,ASV29,,Unassigned
ASV3327,ASV3327,,Pseudomonas
ASV335,ASV335,,Nocardioides
ASV35,ASV35,,Kocuria
ASV516,ASV516,,Unassigned
ASV637,ASV637,,Pontibacter
ASV733,ASV733,,Flavobacterium
ASV1070,ASV1070,,Nocardioides
ASV1071,ASV1071,,Bacillus
ASV1073,ASV1073,,Arthrobacter
ASV125,ASV125,,Unassigned
ASV164,ASV164,,Flavobacterium
ASV1781,ASV1781,,Unassigned
ASV195,ASV195,,Flavobacterium
ASV261,ASV261,,Unassigned
ASV271,ASV271,,Unassigned
ASV295,ASV295,,Sphingomonas
ASV310,ASV310,,Unassigned
ASV33,ASV33,,Lysobacter
ASV384,ASV384,,Unassigned
ASV398,ASV398,,Patulibacter
ASV6,ASV6,,Unassigned
ASV627,ASV627,,Nocardioides
ASV68,ASV68,,Unassigned
ASV707,ASV707,,Unassigned
ASV927,ASV927,,Nibribacter
ASV938,ASV938,,Epilithonimonas
ASV109,ASV109,,Massilia
ASV3089,ASV3089,,Paracocccus
ASV568,ASV568,,Adhaeribacter
ASV1092,ASV1092,,Arthrobacter
ASV1229,ASV1229,,Unassigned
ASV2223,ASV2223,,Unassigned
ASV1093,ASV1093,,Nocardioides
ASV334,ASV334,,Flavobacterium
ASV447,ASV447,,Nocardioides
ASV458,ASV458,,Unassigned
ASV528,ASV528,,Aeromicrobium
ASV557,ASV557,,Flavobacterium
ASV708,ASV708,,Flavobacterium
ASV775,ASV775,,Flavobacterium
ASV876,ASV876,,Unassigned
ASV983,ASV983,,Unassigned
ASV995,ASV995,,Glycomyces
ASV11,ASV11,,Spike
ASV151,ASV151,,Unassigned
ASV2208,ASV2208,,Unassigned
ASV254,ASV254,,Microcystis
ASV2572,ASV2572,,Arthrobacter
ASV3207,ASV3207,,Unassigned
ASV478,ASV478,,Unassigned
ASV191,ASV191,,Flavobacterium
ASV258,ASV258,,Flavobacterium
ASV579,ASV579,,Sphingomonas
ASV623,ASV623,,Blastococcus
ASV140,ASV140,,Streptomyces
ASV1615,ASV1615,,Lysinimonas
ASV2213,ASV2213,,Unassigned
ASV5010,ASV5010,,Pseudomonas
ASV564,ASV564,,Acinetobacter
ASV1115,ASV1115,,Nibribacter
ASV892,ASV892,,Achromobacter
ASV112,ASV112,,Devosia
ASV1120,ASV1120,,Unassigned
ASV1381,ASV1381,,Pontibacter
ASV2,ASV2,,Arthrobacter
ASV20,ASV20,,Arthrobacter
ASV214,ASV214,,Arenimonas
ASV264,ASV264,,Pseudoxanthomonas
ASV330,ASV330,,Arthrobacter
ASV352,ASV352,,Nocardioides
ASV430,ASV430,,Nocardioides
ASV468,ASV468,,Unassigned
ASV721,ASV721,,Blastocatella
ASV742,ASV742,,Gemmatimonas
ASV758,ASV758,,Nocardioides
ASV1123,ASV1123,,Unassigned
ASV428,ASV428,,Arenimonas
ASV4454,ASV4454,,Unassigned
ASV1149,ASV1149,,Unassigned
ASV1165,ASV1165,,Adhaeribacter
ASV121,ASV121,,Pontibacter
ASV139,ASV139,,Dyadobacter
ASV142,ASV142,,Flavobacterium
ASV149,ASV149,,Flavobacterium
ASV2017,ASV2017,,Altererythrobacter
ASV235,ASV235,,Flavobacterium
ASV244,ASV244,,Unassigned
ASV2511,ASV2511,,Unassigned
ASV34,ASV34,,Pontibacter
ASV416,ASV416,,hgcI_clade
ASV551,ASV551,,Rhodococcus
ASV576,ASV576,,Brachybacterium
ASV589,ASV589,,Candidatus_Methylacidiphilum
ASV619,ASV619,,Pseudomonas
ASV751,ASV751,,Agaricicola
ASV1132,ASV1132,,Arthrobacter
ASV1136,ASV1136,,Pontibacter
ASV2762,ASV2762,,Unassigned
ASV283,ASV283,,Rhizobium
ASV332,ASV332,,Skermanella
ASV425,ASV425,,Unassigned
ASV610,ASV610,,Unassigned
ASV952,ASV952,,Nocardioides
ASV1140,ASV1140,,Herpetosiphon
ASV1141,ASV1141,,Unassigned
ASV412,ASV412,,Sphingomonas
ASV437,ASV437,,Terrimonas
ASV483,ASV483,,Lysobacter
ASV970,ASV970,,Flavobacterium
ASV1292,ASV1292,,Unassigned
ASV756,ASV756,,Unassigned
ASV1499,ASV1499,,Unassigned
ASV452,ASV452,,Flavisolibacter
ASV911,ASV911,,Flavisolibacter
ASV1152,ASV1152,,Devosia
ASV865,ASV865,,Unassigned
ASV28,ASV28,,Planococcus
ASV539,ASV539,,Exiguobacterium
ASV182,ASV182,,Erythrobacter
ASV469,ASV469,,Unassigned
ASV1162,ASV1162,,hgcI_clade
ASV1295,ASV1295,,Unassigned
ASV135,ASV135,,Flavisolibacter
ASV1468,ASV1468,,Unassigned
ASV16,ASV16,,Unassigned
ASV1647,ASV1647,,Unassigned
ASV22,ASV22,,Adhaeribacter
ASV328,ASV328,,Blastococcus
ASV45,ASV45,,Flavisolibacter
ASV507,ASV507,,Flavobacterium
ASV886,ASV886,,Unassigned
ASV922,ASV922,,Unassigned
ASV153,ASV153,,Acinetobacter
ASV2026,ASV2026,,Flavobacterium
ASV626,ASV626,,Pontibacter
ASV872,ASV872,,Unassigned
ASV1166,ASV1166,,Unassigned
ASV709,ASV709,,Sphingomonas
ASV154,ASV154,,Unassigned
ASV307,ASV307,,Unassigned
ASV3072,ASV3072,,Unassigned
ASV360,ASV360,,Unassigned
ASV374,ASV374,,Rufibacter
ASV440,ASV440,,Unassigned
ASV513,ASV513,,hgcI_clade
ASV1186,ASV1186,,Flavobacterium
ASV3768,ASV3768,,Unassigned
ASV4966,ASV4966,,Unassigned
ASV805,ASV805,,Gordonia
ASV925,ASV925,,Flavisolibacter
ASV119,ASV119,,Flavisolibacter
ASV2187,ASV2187,,Unassigned
ASV320,ASV320,,Unassigned
ASV393,ASV393,,Unassigned
ASV1193,ASV1193,,Rubellimicrobium
ASV1763,ASV1763,,Altererythrobacter
ASV1196,ASV1196,,Nibribacter
ASV3760,ASV3760,,Arthrobacter
ASV2744,ASV2744,,Arthrobacter
ASV12,ASV12,,Cellvibrio
ASV1698,ASV1698,,Rubellimicrobium
ASV120,ASV120,,Unassigned
ASV814,ASV814,,Rhodocytophaga
ASV1202,ASV1202,,Amaricoccus
ASV1208,ASV1208,,Segetibacter
ASV1338,ASV1338,,Arthrobacter
ASV1546,ASV1546,,Arthrobacter
ASV179,ASV179,,Unassigned
ASV1793,ASV1793,,Geodermatophilus
ASV267,ASV267,,Pontibacter
ASV486,ASV486,,Pseudomonas
ASV570,ASV570,,Sanguibacter
ASV77,ASV77,,Lysobacter
ASV857,ASV857,,Pontibacter
ASV1210,ASV1210,,Arthrobacter
ASV1561,ASV1561,,Acinetobacter
ASV1213,ASV1213,,Unassigned
ASV392,ASV392,,Unassigned
ASV1215,ASV1215,,Unassigned
ASV1219,ASV1219,,Psychrobacillus
ASV1221,ASV1221,,Pedobacter
ASV1254,ASV1254,,Unassigned
ASV205,ASV205,,Flavobacterium
ASV223,ASV223,,Unassigned
ASV750,ASV750,,Pontibacter
ASV783,ASV783,,Unassigned
ASV1228,ASV1228,,Unassigned
ASV388,ASV388,,Flavobacterium
ASV401,ASV401,,Pedobacter
ASV234,ASV234,,Unassigned
ASV239,ASV239,,Arthrobacter
ASV262,ASV262,,Solibacillus
ASV2809,ASV2809,,Nocardioides
ASV429,ASV429,,Saccharibacillus
ASV592,ASV592,,Arthrobacter
ASV78,ASV78,,Exiguobacterium
ASV816,ASV816,,Flavisolibacter
ASV174,ASV174,,Brevundimonas
ASV178,ASV178,,Unassigned
ASV1247,ASV1247,,Unassigned
ASV769,ASV769,,Luteolibacter
ASV171,ASV171,,Lysobacter
ASV291,ASV291,,Unassigned
ASV435,ASV435,,Nocardioides
ASV65,ASV65,,Cellvibrio
ASV689,ASV689,,Marmoricola
ASV126,ASV126,,Microbacterium
ASV1774,ASV1774,,Arthrobacter
ASV232,ASV232,,Pontibacter
ASV127,ASV127,,Brevundimonas
ASV1272,ASV1272,,Unassigned
ASV5638,ASV5638,,Unassigned
ASV1275,ASV1275,,Flavobacterium
ASV1277,ASV1277,,Lautropia
ASV2066,ASV2066,,Mycobacterium
ASV128,ASV128,,Unassigned
ASV1286,ASV1286,,Bacillus
ASV167,ASV167,,Unassigned
ASV566,ASV566,,Nocardioides
ASV1293,ASV1293,,Unassigned
ASV611,ASV611,,Unassigned
ASV83,ASV83,,Nocardioides
ASV443,ASV443,,Unassigned
ASV131,ASV131,,Devosia
ASV133,ASV133,,Pantoea
ASV1437,ASV1437,,Nocardioides
ASV240,ASV240,,Microvirga
ASV4396,ASV4396,,Unassigned
ASV84,ASV84,,Stenotrophomonas
ASV88,ASV88,,Massilia
ASV69,ASV69,,Pseudomonas
ASV1346,ASV1346,,Flavobacterium
ASV181,ASV181,,Pseudomonas
ASV5488,ASV5488,,Unassigned
ASV550,ASV550,,Nocardioides
ASV1350,ASV1350,,Marmoricola
ASV1450,ASV1450,,Unassigned
ASV544,ASV544,,Flavobacterium
ASV676,ASV676,,Arcticibacter
ASV1353,ASV1353,,Lysinimonas
ASV603,ASV603,,Sphingomonas
ASV136,ASV136,,Arthrobacter
ASV1363,ASV1363,,Sphingobacterium
ASV375,ASV375,,Altererythrobacter
ASV797,ASV797,,Bacillus
ASV1364,ASV1364,,Arcticibacter
ASV138,ASV138,,Nocardioides
ASV306,ASV306,,Microbacterium
ASV560,ASV560,,Pedobacter
ASV672,ASV672,,Unassigned
ASV8,ASV8,,Luteolibacter
ASV540,ASV540,,Flavobacterium
ASV699,ASV699,,Candidatus_Methylacidiphilum
ASV825,ASV825,,Pontibacter
ASV1395,ASV1395,,Flavobacterium
ASV653,ASV653,,Unassigned
ASV719,ASV719,,Pseudomonas
ASV909,ASV909,,Curvibacter
ASV1408,ASV1408,,Unassigned
ASV1417,ASV1417,,Unassigned
ASV245,ASV245,,Sphingobacterium
ASV897,ASV897,,Adhaeribacter
ASV748,ASV748,,Nocardioides
ASV755,ASV755,,Aeromicrobium
ASV81,ASV81,,Domibacillus
ASV918,ASV918,,Pontibacter
ASV143,ASV143,,Microvirga
ASV176,ASV176,,Nocardioides
ASV3485,ASV3485,,Unassigned
ASV474,ASV474,,Aeromicrobium
ASV1430,ASV1430,,Cellvibrio
ASV1432,ASV1432,,Unassigned
ASV407,ASV407,,Cellulomonas
ASV1435,ASV1435,,Rhizobium
ASV563,ASV563,,Arthrobacter
ASV705,ASV705,,Unassigned
ASV1446,ASV1446,,Cellulomonas
ASV1449,ASV1449,,Unassigned
ASV145,ASV145,,Nocardioides
ASV1466,ASV1466,,Unassigned
ASV190,ASV190,,Unassigned
ASV766,ASV766,,Arthrobacter
ASV298,ASV298,,Unassigned
ASV147,ASV147,,Unassigned
ASV1475,ASV1475,,Unassigned
ASV148,ASV148,,Flavisolibacter
ASV322,ASV322,,Pseudomonas
ASV924,ASV924,,Bacillus
ASV960,ASV960,,Unassigned
ASV1483,ASV1483,,Sanguibacter
ASV63,ASV63,,Exiguobacterium
ASV1493,ASV1493,,Bacillus
ASV160,ASV160,,Nocardioides
ASV920,ASV920,,Adhaeribacter
ASV1985,ASV1985,,Cellulomonas
ASV224,ASV224,,Cellulomonas
ASV2774,ASV2774,,Unassigned
ASV2915,ASV2915,,Unassigned
ASV4518,ASV4518,,Unassigned
ASV5245,ASV5245,,Unassigned
ASV1505,ASV1505,,Unassigned
ASV905,ASV905,,Unassigned
ASV1946,ASV1946,,Unassigned
ASV2486,ASV2486,,Arthrobacter
ASV309,ASV309,,Unassigned
ASV1511,ASV1511,,Microvirga
ASV1513,ASV1513,,Unassigned
ASV2583,ASV2583,,Arthrobacter
ASV5782,ASV5782,,Arthrobacter
ASV852,ASV852,,Unassigned
ASV1514,ASV1514,,Marmoricola
ASV60,ASV60,,Dyadobacter
ASV185,ASV185,,Janibacter
ASV21,ASV21,,Devosia
ASV53,ASV53,,Pseudomonas
ASV1535,ASV1535,,Chryseobacterium
ASV511,ASV511,,Paracocccus
ASV270,ASV270,,Cellulomonas
ASV541,ASV541,,Streptomyces
ASV1712,ASV1712,,Unassigned
ASV1551,ASV1551,,Devosia
ASV421,ASV421,,Unassigned
ASV4277,ASV4277,,Pseudomonas
ASV326,ASV326,,Caulobacter
ASV157,ASV157,,Unassigned
ASV308,ASV308,,Microvirga
ASV1581,ASV1581,,Unassigned
ASV1643,ASV1643,,Sphingomonas
ASV1588,ASV1588,,Acinetobacter
ASV243,ASV243,,Blastocatella
ASV1594,ASV1594,,Arthrobacter
ASV43,ASV43,,Paracocccus
ASV832,ASV832,,Bacillus
ASV201,ASV201,,Unassigned
ASV2599,ASV2599,,Arthrobacter
ASV269,ASV269,,Unassigned
ASV1607,ASV1607,,Pseudomonas
ASV1626,ASV1626,,Unassigned
ASV163,ASV163,,Pedobacter
ASV2185,ASV2185,,Unassigned
ASV169,ASV169,,Unassigned
ASV4257,ASV4257,,Arthrobacter
ASV914,ASV914,,Deinococcus
ASV1691,ASV1691,,Unassigned
ASV455,ASV455,,Pseudoxanthomonas
ASV4229,ASV4229,,Unassigned
ASV1704,ASV1704,,Pseudomonas
ASV2552,ASV2552,,Unassigned
ASV173,ASV173,,Agrococcus
ASV1791,ASV1791,,Unassigned
ASV1733,ASV1733,,Quadrisphaera
ASV353,ASV353,,Arcticibacter
ASV664,ASV664,,Unassigned
ASV2736,ASV2736,,Unassigned
ASV657,ASV657,,Unassigned
ASV640,ASV640,,Nocardioides
ASV787,ASV787,,Roseomonas
ASV813,ASV813,,Unassigned
ASV921,ASV921,,Dietzia
ASV1772,ASV1772,,Marmoricola
ASV2411,ASV2411,,Unassigned
ASV1780,ASV1780,,Roseomonas
ASV549,ASV549,,Rubellimicrobium
ASV217,ASV217,,Unassigned
ASV562,ASV562,,Adhaeribacter
ASV1804,ASV1804,,Unassigned
ASV786,ASV786,,Pseudomonas
ASV1812,ASV1812,,Rhodococcus
ASV382,ASV382,,Georgenia
ASV1830,ASV1830,,Unassigned
ASV667,ASV667,,Massilia
ASV46,ASV46,,Microbacterium
ASV1842,ASV1842,,Arthrobacter
ASV55,ASV55,,Nocardioides
ASV23,ASV23,,Massilia
ASV188,ASV188,,Unassigned
ASV19,ASV19,,Unassigned
ASV193,ASV193,,Nocardioides
ASV3107,ASV3107,,Unassigned
ASV798,ASV798,,Nocardioides
ASV1972,ASV1972,,Unassigned
ASV1986,ASV1986,,Unassigned
ASV3824,ASV3824,,Unassigned
ASV394,ASV394,,Candidatus_Aquirestis
ASV314,ASV314,,Arthrobacter
ASV606,ASV606,,Exiguobacterium
ASV64,ASV64,,Unassigned
ASV2010,ASV2010,,Pseudomonas
ASV202,ASV202,,Arcticibacter
ASV631,ASV631,,Rufibacter
ASV669,ASV669,,Unassigned
ASV203,ASV203,,Altererythrobacter
ASV686,ASV686,,Rhizobium
ASV359,ASV359,,Cellulomonas
ASV449,ASV449,,Nitrospira
ASV658,ASV658,,Blastocatella
ASV757,ASV757,,Synechococcus
ASV209,ASV209,,Stenotrophomonas
ASV434,ASV434,,Microvirga
ASV822,ASV822,,Massilia
ASV2093,ASV2093,,Gordonia
ASV692,ASV692,,Rhizobium
ASV257,ASV257,,Rhizobium
ASV595,ASV595,,Microvirga
ASV211,ASV211,,Unassigned
ASV2114,ASV2114,,Unassigned
ASV2124,ASV2124,,Massilia
ASV386,ASV386,,Nocardioides
ASV3995,ASV3995,,Pseudomonas
ASV241,ASV241,,Unassigned
ASV556,ASV556,,Unassigned
ASV596,ASV596,,Mycobacterium
ASV380,ASV380,,Bacillus
ASV221,ASV221,,Unassigned
ASV2218,ASV2218,,Bacillus
ASV957,ASV957,,Devosia
ASV2220,ASV2220,,Saccharibacillus
ASV2623,ASV2623,,Unassigned
ASV444,ASV444,,Blastocatella
ASV502,ASV502,,Massilia
ASV2242,ASV2242,,Adhaeribacter
ASV884,ASV884,,Lysinibacillus
ASV362,ASV362,,Bacillus
ASV675,ASV675,,Unassigned
ASV2338,ASV2338,,Unassigned
ASV236,ASV236,,Unassigned
ASV2370,ASV2370,,Arthrobacter
ASV305,ASV305,,Arthrobacter
ASV2400,ASV2400,,Cellulosimicrobium
ASV2433,ASV2433,,Flavobacterium
ASV426,ASV426,,Unassigned
ASV4509,ASV4509,,Unassigned
ASV894,ASV894,,Arthrobacter
ASV250,ASV250,,Nocardioides
ASV251,ASV251,,Unassigned
ASV2530,ASV2530,,Unassigned
ASV633,ASV633,,Klebsiella
ASV2570,ASV2570,,Flavobacterium
ASV286,ASV286,,Nocardioides
ASV259,ASV259,,Flavisolibacter
ASV975,ASV975,,Unassigned
ASV2610,ASV2610,,Unassigned
ASV547,ASV547,,Peredibacter
ASV687,ASV687,,Pontibacter
ASV724,ASV724,,Flavisolibacter
ASV622,ASV622,,Haloferula
ASV265,ASV265,,Nocardioides
ASV268,ASV268,,Unassigned
ASV272,ASV272,,Massilia
ASV990,ASV990,,Massilia
ASV274,ASV274,,Nocardioides
ASV275,ASV275,,Brevundimonas
ASV438,ASV438,,Rhodococcus
ASV280,ASV280,,Unassigned
ASV336,ASV336,,Unassigned
ASV4788,ASV4788,,Unassigned
ASV671,ASV671,,Planomicrobium
ASV2817,ASV2817,,Microbacterium
ASV282,ASV282,,Nocardioides
ASV2822,ASV2822,,Unassigned
ASV2850,ASV2850,,Unassigned
ASV490,ASV490,,Unassigned
ASV289,ASV289,,Unassigned
ASV711,ASV711,,Pseudomonas
ASV2940,ASV2940,,Pseudomonas
ASV2974,ASV2974,,Arthrobacter
ASV414,ASV414,,Devosia
ASV86,ASV86,,Flavisolibacter
ASV3189,ASV3189,,Unassigned
ASV75,ASV75,,Brevundimonas
ASV302,ASV302,,Adhaeribacter
ASV838,ASV838,,Nocardioides
ASV311,ASV311,,Arcticibacter
ASV316,ASV316,,Unassigned
ASV317,ASV317,,Unassigned
ASV319,ASV319,,Burkholderia
ASV3238,ASV3238,,Unassigned
ASV4272,ASV4272,,Unassigned
ASV324,ASV324,,Noviherbaspirillum
ASV325,ASV325,,Nibribacter
ASV4983,ASV4983,,Unassigned
ASV510,ASV510,,Flavitalea
ASV423,ASV423,,Unassigned
ASV338,ASV338,,Pedobacter
ASV340,ASV340,,Unassigned
ASV870,ASV870,,Paucimonas
ASV3406,ASV3406,,Arthrobacter
ASV345,ASV345,,Nocardioides
ASV936,ASV936,,Arcticibacter
ASV356,ASV356,,Unassigned
ASV3576,ASV3576,,Nocardioides
ASV358,ASV358,,Unassigned
ASV98,ASV98,,Rhodococcus
ASV3631,ASV3631,,Ornithinimicrobium
ASV366,ASV366,,Arthrobacter
ASV368,ASV368,,Flavisolibacter
ASV370,ASV370,,Unassigned
ASV535,ASV535,,Adhaeribacter
ASV373,ASV373,,Pedobacter
ASV980,ASV980,,Microbacterium
ASV377,ASV377,,Pontibacter
ASV379,ASV379,,Unassigned
ASV937,ASV937,,Altererythrobacter
ASV3869,ASV3869,,Unassigned
ASV40,ASV40,,Microbacterium
ASV387,ASV387,,Unassigned
ASV389,ASV389,,Devosia
ASV4501,ASV4501,,Unassigned
ASV3900,ASV3900,,Unassigned
ASV3938,ASV3938,,Pseudomonas
ASV863,ASV863,,Flavisolibacter
ASV397,ASV397,,Pedobacter
ASV402,ASV402,,Brevundimonas
ASV410,ASV410,,Ornithinimicrobium
ASV411,ASV411,,Nibribacter
ASV4133,ASV4133,,Arthrobacter
ASV776,ASV776,,Rhizobium
ASV415,ASV415,,Sphingopyxis
ASV418,ASV418,,Unassigned
ASV419,ASV419,,Flavisolibacter
ASV42,ASV42,,Dyadobacter
ASV420,ASV420,,Unassigned
ASV5333,ASV5333,,Unassigned
ASV930,ASV930,,Unassigned
ASV422,ASV422,,Unassigned
ASV680,ASV680,,Sphingomonas
ASV803,ASV803,,Sphingomonas
ASV4265,ASV4265,,Unassigned
ASV4759,ASV4759,,Nocardioides
ASV91,ASV91,,Unassigned
ASV470,ASV470,,Unassigned
ASV716,ASV716,,Nocardioides
ASV862,ASV862,,Nibribacter
ASV597,ASV597,,Pseudomonas
ASV450,ASV450,,Unassigned
ASV72,ASV72,,Pantoea
ASV460,ASV460,,Microvirga
ASV461,ASV461,,Unassigned
ASV464,ASV464,,Unassigned
ASV467,ASV467,,Nocardioides
ASV729,ASV729,,Unassigned
ASV482,ASV482,,Actinotalea
ASV489,ASV489,,Microvirga
ASV491,ASV491,,Unassigned
ASV893,ASV893,,Arthrobacter
ASV50,ASV50,,Nocardioides
ASV913,ASV913,,Aquipuribacter
ASV503,ASV503,,Blastocatella
ASV509,ASV509,,Flavisolibacter
ASV5201,ASV5201,,Pseudomonas
ASV522,ASV522,,Nocardioides
ASV525,ASV525,,Adhaeribacter
ASV526,ASV526,,Dyadobacter
ASV532,ASV532,,Nocardioides
ASV5381,ASV5381,,Nocardioides
ASV917,ASV917,,Acinetobacter
ASV889,ASV889,,Unassigned
ASV545,ASV545,,Nocardioides
ASV670,ASV670,,Solirubrobacter
ASV944,ASV944,,Rhizobium
ASV5525,ASV5525,,Pseudomonas
ASV818,ASV818,,Ensifer
ASV559,ASV559,,Microbacterium
ASV891,ASV891,,Unassigned
ASV573,ASV573,,Nocardioides
ASV5772,ASV5772,,Pseudomonas
ASV586,ASV586,,Sphingobacterium
ASV587,ASV587,,Unassigned
ASV618,ASV618,,Rubellimicrobium
ASV601,ASV601,,Burkholderia
ASV604,ASV604,,Unassigned
ASV635,ASV635,,Pedobacter
ASV643,ASV643,,Arthrobacter
ASV661,ASV661,,Unassigned
ASV779,ASV779,,Flavisolibacter
ASV673,ASV673,,Ralstonia
ASV682,ASV682,,Unassigned
ASV684,ASV684,,Unassigned
ASV693,ASV693,,Sphingomonas
ASV726,ASV726,,Stenotrophomonas
ASV735,ASV735,,Nocardioides
ASV761,ASV761,,Sphingomonas
ASV745,ASV745,,Pseudomonas
ASV759,ASV759,,Methylobacterium
ASV767,ASV767,,Unassigned
ASV772,ASV772,,Salana
ASV821,ASV821,,Georgenia
ASV823,ASV823,,Nocardioides
ASV833,ASV833,,Dyadobacter
ASV841,ASV841,,Arcticibacter
ASV871,ASV871,,Sphingomonas
ASV900,ASV900,,Unassigned
ASV904,ASV904,,Pontibacter
ASV915,ASV915,,Unassigned
ASV956,ASV956,,Mesorhizobium
ASV982,ASV982,,Sphingobium
ASV99,ASV99,,Nocardioides
,,,
,,,
,,,Devosia
,,,Unassigned
,,,Unassigned
,,,Arthrobacter
,,,Arthrobacter
,,,Unassigned
,,,Unassigned
,,,Unassigned
,,,Flavisolibacter
,,,Gemmatimonas
,,,Ohtaekwangia
,,,Unassigned
,,,Unassigned
,,,Sphingobacterium
,,,Flavobacterium
,,,Brevundimonas
,,,Blastocatella
,,,Chryseobacterium
,,,Methylobacterium
,,,Nocardioides
,,,Unassigned
,,,Nocardioides
,,,Gordonia
,,,Arthrobacter
,,,Nocardioides
,,,Planctomyces
,,,Nitrospira
,,,Flavobacterium
,,,Flavisolibacter
,,,Arthrobacter
,,,Unassigned
,,,Pirellula
,,,Unassigned
,,,Unassigned
,,,Nocardioides
,,,Unassigned
,,,Sphingomonas
,,,Aeromicrobium
,,,Unassigned
,,,Rhizobium
,,,Pontibacter
,,,Unassigned
,,,Patulibacter
,,,Unassigned
,,,Planctomyces
,,,Unassigned
,,,Unassigned
,,,Unassigned
,,,Rubellimicrobium
,,,Unassigned
,,,Devosia
,,,Unassigned
,,,Pseudomonas
,,,Acinetobacter
,,,Pedomicrobium
,,,Pontibacter
,,,Unassigned
,,,Blastopirellula
,,,Pseudomonas
,,,Unassigned
,,,Sphingomonas
,,,Pseudomonas
,,,Ensifer
,,,Georgenia
,,,Flavobacterium
,,,Unassigned
,,,Algoriphagus
,,,Blastocatella
,,,Unassigned
,,,Nitrosospira
,,,Opitutus
,,,Synechococcus
,,,Unassigned
,,,Arcticibacter
,,,Nocardioides
,,,Unassigned
,,,Novosphingobium
,,,Unassigned
,,,Nocardioides
,,,Unassigned
,,,Persicitalea
,,,Unassigned
,,,Unassigned
,,,Pedobacter
,,,Unassigned
,,,Flavisolibacter
,,,Unassigned
,,,Unassigned
,,,Nibribacter
,,,Unassigned
,,,Unassigned
,,,Arthrobacter
,,,Unassigned
,,,Pseudomonas
,,,Pseudomonas
,,,Microbacterium
,,,Nocardioides
,,,Unassigned
,,,Achromobacter
,,,Arcticibacter
,,,Unassigned
,,,Pir4_lineage
,,,Unassigned
,,,Unassigned
,,,Unassigned
,,,Unassigned
,,,Unassigned
,,,Sphingobacterium
,,,Roseimaritima
,,,Blastocatella
,,,Unassigned
,,,Arthrobacter
,,,Unassigned
,,,Flavobacterium
,,,Unassigned
,,,Unassigned
,,,Unassigned
,,,Unassigned
,,,Pseudomonas
,,,Arenimonas
,,,Aeromicrobium
,,,Unassigned
,,,Flavobacterium
,,,Unassigned
,,,Pontibacter
,,,Chryseobacterium
,,,Unassigned
,,,Bacillus
,,,Pontibacter
,,,Pseudomonas
,,,Unassigned
,,,unidentified_eubacterium_LD29
,,,Xanthomonas
,,,Agaricicola
,,,Unassigned
,,,Unassigned
,,,Methylophilus
,,,Aeromicrobium
,,,Unassigned
,,,Sphingomonas
,,,Cytophaga
,,,Unassigned
,,,Unassigned
,,,Altererythrobacter
,,,Nocardioides
,,,Unassigned
,,,Unassigned
,,,Bacillus
,,,Unassigned
,,,Flavisolibacter
,,,Flavisolibacter
,,,Unassigned
,,,Flavobacterium
,,,Unassigned
,,,Roseomonas
,,,Rhodocytophaga
,,,Unassigned
,,,Flavisolibacter
,,,Unassigned
,,,Solirubrobacter
,,,Pontibacter
,,,Unassigned
,,,Iamia
,,,Unassigned
,,,Unassigned
,,,Bacillus
,,,Pseudomonas
,,,Pseudomonas
,,,Flavisolibacter
,,,Flavobacterium
,,,Paucimonas
,,,Unassigned
,,,Adhaeribacter
,,,Unassigned
,,,Pseudoclavibacter
,,,Unassigned
,,,Nibribacter
,,,Mesorhizobium
,,,Ferruginibacter
,,,Unassigned
,,,Unassigned
,,,Unassigned
,,,Unassigned
,,,Mesorhizobium
,,,Unassigned
,,,Unassigned
,,,Unassigned
,,,Stenotrophomonas
,,,Unassigned
,,,Chthoniobacter
,,,Phenylobacterium
,,,Nocardioides
,,,Arthrobacter
,,,Roseomonas
,,,Sphingomonas
,,,Unassigned
,,,Paucimonas
,,,Unassigned
,,,Sphingomonas
,,,Rhizomicrobium
,,,Devosia
,,,Unassigned
,,,Unassigned
,,,Unassigned
,,,Haloferula
,,,Sphingomonas
,,,Unassigned
,,,Sphingomonas
,,,Flavobacterium
,,,Brevundimonas
,,,Pir4_lineage
,,,Devosia
,,,Variibacter
,,,Flavisolibacter
,,,Unassigned
,,,Unassigned
,,,Unassigned
,,,Cytophaga
,,,Unassigned
,,,Larkinella
,,,Unassigned
,,,Adhaeribacter
,,,Terrimonas
,,,Rhizobium
,,,Unassigned
,,,Dyadobacter
,,,Pontibacter
,,,Dietzia
,,,Unassigned
,,,Arcticibacter
,,,Epilithonimonas
,,,Unassigned
,,,Sphingobacterium
,,,Agrococcus
,,,Unassigned
,,,Unassigned
,,,Unassigned
,,,Gemmatimonas
,,,Flavobacterium
,,,Candidatus_Methylacidiphilum
,,,Litorilinea
,,,Unassigned
,,,Bacillus
,,,Hyphomicrobium
,,,Unassigned
,,,Devosia
,,,Unassigned
,,,Unassigned
,,,Blastocatella
,,,Blastocatella
,,,Skermanella
,,,Planctomyces
,,,Adhaeribacter
,,,Unassigned
,,,Herpetosiphon
,,,Rhizobium
,,,Unassigned
,,,Rufibacter
,,,Unassigned
,,,Unassigned
,,,Arthrobacter
,,,Thermomonas
,,,Unassigned
,,,Chthoniobacter
,,,Sphingomonas
,,,Unassigned
,,,Unassigned
,,,Flavobacterium
,,,Arthrobacter
,,,Unassigned
,,,Unassigned
,,,Flavobacterium
,,,Noviherbaspirillum
,,,Flavisolibacter
,,,Flavisolibacter
,,,Ferruginibacter
,,,Achromobacter
,,,Unassigned
,,,Planctomyces
,,,Brevundimonas
,,,Unassigned
,,,Pseudomonas
,,,Unassigned
,,,Pir4_lineage
,,,Unassigned
,,,Massilia
,,,Unassigned
,,,Unassigned
,,,Unassigned
,,,Unassigned
,,,Aeromicrobium
,,,Unassigned
,,,Pontibacter
,,,Marmoricola
,,,Unassigned
,,,Unassigned
,,,Unassigned
,,,Unassigned
,,,Unassigned
,,,Pseudomonas
,,,Unassigned
,,,Unassigned
,,,Deinococcus
,,,Acinetobacter
,,,Flavobacterium
,,,Bacillus
,,,Flavobacterium
,,,Variibacter
,,,Unassigned
,,,Mucilaginibacter
,,,Sphingomonas
,,,Unassigned
,,,Flavobacterium
,,,Unassigned
,,,Peredibacter
,,,Unassigned
,,,Sphingopyxis
,,,Nocardioides
,,,Flavobacterium
,,,Cellulomonas
,,,Opitutus
,,,Pseudomonas
,,,Shinella
,,,Unassigned
,,,Unassigned
,,,Unassigned
,,,Flavisolibacter
,,,Unassigned
,,,Nocardioides
,,,Unassigned
,,,Fluviicola
,,,Unassigned
,,,Unassigned
,,,Unassigned
,,,Candidatus_Alysiosphaera
,,,Sphingobium
,,,Unassigned
,,,Blastocatella
,,,Peredibacter
,,,Unassigned
,,,Pirellula
,,,Glycomyces
,,,Nocardioides
,,,Streptomyces
,,,Flavisolibacter
,,,Unassigned
,,,Planctomyces
,,,Nocardioides
,,,Roseimicrobium
,,,Ferruginibacter
,,,Unassigned
,,,Simiduia
,,,Unassigned
,,,Nibribacter
,,,Unassigned
,,,Rhizobium
,,,Pseudomonas
,,,Massilia
,,,Unassigned
,,,Flavobacterium
,,,Flavobacterium
,,,Unassigned
,,,Unassigned
,,,Unassigned
,,,Haloferula
,,,Unassigned
,,,Dyadobacter
,,,Lysobacter
,,,Altererythrobacter
,,,Unassigned
,,,Unassigned
,,,Lautropia
,,,Unassigned
,,,Unassigned
,,,Unassigned
,,,Unassigned
,,,Phycicoccus
,,,Aeromicrobium
,,,Flavobacterium
,,,Unassigned
,,,Unassigned
,,,Pseudomonas
,,,Pelomonas
,,,Unassigned
,,,Unassigned
,,,Nibribacter
,,,Marmoricola
,,,Flavobacterium
,,,Arthrobacter
,,,Unassigned
,,,Pseudomonas
,,,Nocardioides
,,,Flavobacterium
,,,Adhaeribacter
,,,Unassigned
,,,Unassigned
,,,Unassigned
,,,Unassigned
,,,Unassigned
,,,Unassigned
,,,Unassigned
,,,Unassigned
,,,Arthrobacter
,,,Unassigned
,,,Nocardioides
,,,Unassigned
,,,Thalassospira
,,,Unassigned
,,,Reyranella
,,,Paenibacillus
,,,Chryseobacterium
,,,Unassigned
,,,Unassigned
,,,Unassigned
,,,Unassigned
,,,Unassigned
,,,Unassigned
,,,Unassigned
,,,Unassigned
,,,Unassigned
,,,Taibaiella
,,,Nocardioides
,,,Flavobacterium
,,,Pseudomonas
,,,Xanthomonas
,,,Paenibacillus
,,,Rubellimicrobium
,,,Unassigned
,,,Unassigned
,,,Unassigned
,,,Nocardioides
,,,Lechevalieria
,,,Flavisolibacter
,,,Unassigned
,,,Flavobacterium
,,,Unassigned
,,,Unassigned
,,,Unassigned
,,,Microbacterium
,,,Unassigned
,,,Massilia
,,,Adhaeribacter
,,,Unassigned
,,,Unassigned
,,,Unassigned
,,,Unassigned
,,,Bacillus
,,,Lysobacter
,,,Polycyclovorans
,,,Unassigned
,,,Unassigned
,,,Unassigned
,,,Planctomyces
,,,Curvibacter
,,,Unassigned
,,,Unassigned
,,,Unassigned
,,,Opitutus
,,,Unassigned
,,,Flavobacterium
,,,Lysinimonas
,,,Unassigned
,,,Unassigned
,,,Nocardioides
,,,Unassigned
,,,Neorhizobium
,,,Unassigned
,,,Caulobacter
,,,Unassigned
,,,Flavisolibacter
,,,Unassigned
,,,Unassigned
,,,Unassigned
,,,Unassigned
,,,Fluviicola
,,,Pontibacter
,,,Unassigned
,,,Gemmatimonas
,,,Mesorhizobium
,,,Unassigned
,,,Unassigned
,,,Unassigned
,,,Planctomyces
,,,Flavobacterium
,,,Rhodocytophaga
,,,Adhaeribacter
,,,Unassigned
,,,Erythrobacter
,,,Unassigned
,,,Pedobacter
,,,Gaiella
,,,Niastella
,,,Unassigned
,,,Nordella
,,,Pedobacter
,,,Amaricoccus
,,,Lysobacter
,,,Acinetobacter
,,,Pseudomonas
,,,Unassigned
,,,Unassigned
,,,Pirellula
,,,Unassigned
,,,Unassigned
,,,Unassigned
,,,Unassigned
,,,Unassigned
,,,Pseudomonas
,,,Fluviicola
,,,Lysobacter
,,,Unassigned
,,,Flavisolibacter
,,,Adhaeribacter
,,,Mesorhizobium
,,,Unassigned
,,,Unassigned
,,,Unassigned
,,,Unassigned
,,,Unassigned
,,,Pirellula
,,,Brevundimonas
,,,Peredibacter
,,,Unassigned
,,,Unassigned
,,,Paucimonas
,,,Pontibacter
,,,Pseudomonas
,,,hgcI_clade
,,,Unassigned
,,,Unassigned
,,,Unassigned
,,,Bauldia
,,,Unassigned
,,,Unassigned
,,,Lautropia
,,,Unassigned
,,,Unassigned
,,,Unassigned
,,,Flavobacterium
,,,Unassigned
,,,Luteolibacter
,,,Iamia
,,,Hydrogenophaga
,,,Bacillus
,,,Sphingomonas
,,,Unassigned
,,,Unassigned
,,,Flavisolibacter
,,,Unassigned
,,,Unassigned
,,,Sphingobacterium
,,,Nocardioides
,,,Unassigned
,,,Unassigned
,,,Cellulosimicrobium
,,,Pedobacter
,,,Unassigned
,,,Ohtaekwangia
,,,Serratia
,,,Unassigned
,,,Unassigned
,,,Lysobacter
,,,Rhodopirellula
,,,Adhaeribacter
,,,Unassigned
,,,Chryseobacterium
,,,Psychrobacillus
,,,Unassigned
,,,Nibribacter
,,,Unassigned
,,,Unassigned
,,,Flavobacterium
,,,Luteolibacter
,,,Pseudomonas
,,,Unassigned
,,,Unassigned
,,,Unassigned
,,,Sphingomonas
,,,Terrimonas
,,,Unassigned
,,,Agaricicola
,,,Unassigned
,,,Adhaeribacter
,,,Unassigned
,,,Geodermatophilus
,,,Pseudomonas
,,,Nocardioides
,,,Unassigned
,,,Unassigned
,,,Pseudomonas
,,,Unassigned
,,,Chryseobacterium
,,,Unassigned
,,,Olivibacter
,,,Aeromicrobium
,,,Rubellimicrobium
,,,Unassigned
,,,Marmoricola
,,,Unassigned
,,,CL500-29_marine_group
,,,Adhaeribacter
,,,Opitutus
,,,Microlunatus
,,,Sporichthya
,,,Unassigned
,,,Nocardioides
,,,Unassigned
,,,Unassigned
,,,Unassigned
,,,Unassigned
,,,Terrimonas
,,,Herpetosiphon
,,,Aquabacterium
,,,Polycyclovorans
,,,Arcicella
,,,Unassigned
,,,Unassigned
,,,Sphingobacterium
,,,Flavobacterium
,,,Unassigned
,,,Unassigned
,,,Unassigned
,,,Unassigned
,,,Unassigned
,,,Unassigned
,,,Blastocatella
,,,Unassigned
,,,Unassigned
,,,Brevundimonas
,,,Unassigned
,,,Unassigned
,,,Unassigned
,,,Unassigned
,,,Reyranella
,,,Acidovorax
,,,Nitrosomonas
,,,Unassigned
,,,Unassigned
,,,Flavisolibacter
,,,Unassigned
,,,Chryseobacterium
,,,Unassigned
,,,Unassigned
,,,Unassigned
,,,Emticicia
,,,Unassigned
,,,Unassigned
,,,Myxococcus
,,,Ferruginibacter
,,,Flavisolibacter
,,,Unassigned
,,,Unassigned
,,,Lysinimonas
,,,Adhaeribacter
,,,Flavobacterium
,,,Unassigned
,,,Flavobacterium
,,,Actinotalea
,,,Shinella
,,,Unassigned
,,,Nocardioides
,,,Nitrosospira
,,,Flavobacterium
,,,Unassigned
,,,Unassigned
,,,Unassigned
,,,Pirellula
,,,Fluviicola
,,,Segetibacter
,,,Unassigned
,,,Polycyclovorans
,,,Unassigned
,,,Flavisolibacter
,,,Unassigned
,,,Kitasatospora
,,,Unassigned
,,,Pleomorphomonas
,,,Ornithinimicrobium
,,,Massilia
,,,Unassigned
,,,Unassigned
,,,Pedomicrobium
,,,Unassigned
,,,Unassigned
,,,Mesorhizobium
,,,Unassigned
,,,Unassigned
,,,Microbacterium
,,,Nocardioides
,,,Unassigned
,,,Unassigned
,,,Unassigned
,,,Cupriavidus
,,,Unassigned
,,,Pseudomonas
,,,Sphingomonas
,,,Unassigned
,,,Chryseobacterium
,,,Unassigned
,,,Rheinheimera
,,,Pseudomonas
,,,Unassigned
,,,Sanguibacter
,,,Unassigned
,,,Unassigned
,,,Paenisporosarcina
,,,Unassigned
,,,Flavobacterium
,,,Arthrobacter
,,,Fluviicola
,,,Blastopirellula
,,,Unassigned
,,,Unassigned
,,,Unassigned
,,,Unassigned
,,,Phenylobacterium
,,,Unassigned
,,,Chryseobacterium
,,,Rhizobium
,,,Pseudomonas
,,,Pirellula
,,,Unassigned
,,,Lysobacter
,,,Unassigned
,,,Pontibacter
,,,Unassigned
,,,Nibribacter
,,,Ohtaekwangia
,,,Unassigned
,,,Geodermatophilus
,,,Unassigned
,,,Limnobacter
,,,Fluviicola
,,,Pontibacter
,,,Unassigned
,,,Rhizobium
,,,Ohtaekwangia
,,,Unassigned
,,,Unassigned
,,,Unassigned
,,,Rhizobium
,,,Unassigned
,,,Unassigned
,,,Quadrisphaera
,,,Blastocatella
,,,Unassigned
,,,Chitinophaga
,,,Arthrobacter
,,,Unassigned
,,,Unassigned
,,,Haliangium
,,,Unassigned
,,,Sphingobacterium
,,,Candidatus_Alysiosphaera
,,,Unassigned
,,,Planctomyces
,,,Unassigned
,,,Cellulomonas
,,,Unassigned
,,,Pontibacter
,,,Nocardioides
,,,Unassigned
,,,Nitrospira
,,,Unassigned
,,,Marmoricola
,,,Candidatus_Nitrososphaera
,,,Unassigned
,,,Paenibacillus
,,,Nakamurella
,,,Pirellula
,,,Brevundimonas
,,,Unassigned
,,,Unassigned
,,,Unassigned
,,,Rheinheimera
,,,Flavitalea
,,,Unassigned
,,,Steroidobacter
,,,Pir4_lineage
,,,Unassigned
,,,Nakamurella
,,,Peredibacter
,,,Bacteriovorax
,,,Unassigned
,,,Unassigned
,,,Unassigned
,,,Variibacter
,,,Unassigned
,,,Unassigned
,,,Unassigned
,,,Rhodobacter
,,,Unassigned
,,,Unassigned
,,,Polycyclovorans
,,,Nocardioides
,,,Roseimicrobium
,,,Devosia
,,,Unassigned
,,,Unassigned
,,,Sphingomonas
,,,Novosphingobium
,,,Unassigned
,,,Marmoricola
,,,Unassigned
,,,Unassigned
,,,Rhodococcus
,,,Unassigned
,,,Unassigned
,,,Pseudomonas
,,,Acidibacter
,,,Polycyclovorans
,,,Unassigned
,,,Unassigned
,,,Unassigned
,,,Segetibacter
,,,Unassigned
,,,Unassigned
,,,Unassigned
,,,Unassigned
,,,Nordella
,,,Novosphingobium
,,,Paenibacillus
,,,Unassigned
,,,Unassigned
,,,Unassigned
,,,Bauldia
,,,Unassigned
,,,Flavobacterium
,,,Pseudomonas
,,,Unassigned
,,,Unassigned
,,,Nitriliruptor
,,,Adhaeribacter
,,,Unassigned
,,,Mesorhizobium
,,,Taibaiella
,,,Unassigned
,,,Unassigned
,,,Unassigned
,,,Chryseobacterium
,,,Unassigned
,,,Unassigned
,,,Unassigned
,,,Paracocccus
,,,Pseudomonas
,,,Rhodocytophaga
,,,Rubellimicrobium
,,,Alkanindiges
,,,Flavobacterium
,,,Unassigned
,,,Pirellula
,,,Planctomyces
,,,Bdellovibrio
,,,Unassigned
,,,Peredibacter
,,,Pir4_lineage
,,,Unassigned
,,,Altererythrobacter
,,,Flavobacterium
,,,Flavisolibacter
,,,Unassigned
,,,Unassigned
,,,I-8
,,,Bosea
,,,Unassigned
,,,Simiduia
,,,Terribacillus
,,,Unassigned
,,,Planctomyces
,,,Unassigned
,,,Thermomonas
,,,Unassigned
,,,Massilia
,,,Unassigned
,,,Unassigned
,,,Nocardioides
,,,Microvirga
,,,Paenibacillus
,,,Brevundimonas
,,,Acinetobacter
,,,Nitrosomonas
,,,Unassigned
,,,Unassigned
,,,Unassigned
,,,Unassigned
,,,Sphingomonas
,,,Variibacter
,,,Unassigned
,,,Chthoniobacter
,,,Unassigned
,,,Candidatus_Alysiosphaera
,,,Unassigned
,,,Unassigned
,,,Gaiella
,,,Paenibacillus
,,,Microbacterium
,,,Parvularcula
,,,Unassigned
,,,Unassigned
,,,Unassigned
,,,Unassigned
,,,Sphingomonas
,,,Cellvibrio
,,,Unassigned
,,,Unassigned
,,,Variibacter
,,,Unassigned
,,,Rheinheimera
,,,Litorilinea
,,,Solirubrobacter
,,,Flavobacterium
,,,Unassigned
,,,Unassigned
,,,Unassigned
,,,Unassigned
,,,Unassigned
,,,Unassigned
,,,Unassigned
,,,Unassigned
,,,Unassigned
,,,Actinomycetospora
,,,Parasegetibacter
,,,Unassigned
,,,Unassigned
,,,Flavobacterium
,,,Unassigned
,,,Mycobacterium
,,,Nocardioides
,,,Unassigned
,,,Unassigned
,,,Arthrobacter
,,,Pontibacter
,,,Sphingomonas
,,,Unassigned
,,,Sphingomonas
,,,Sphingomonas
,,,Quadrisphaera
,,,Unassigned
,,,Unassigned
,,,Unassigned
,,,Unassigned
,,,Caenimonas
,,,Unassigned
,,,Unassigned
,,,Unassigned
,,,Niabella
,,,Unassigned
,,,Unassigned
,,,Unassigned
,,,Unassigned
,,,Unassigned
,,,Opitutus
,,,Nocardioides
,,,Planctomyces
,,,AKYG587
,,,Unassigned
,,,Gaiella
,,,Candidatus_Nitrososphaera
,,,Rubellimicrobium
,,,Pirellula
,,,Sphingomonas
,,,Herpetosiphon
,,,Nitrospira
,,,Unassigned
,,,Unassigned
,,,Unassigned
,,,Novosphingobium
,,,Unassigned
,,,Iamia
,,,Unassigned
,,,Unassigned
,,,Unassigned
,,,Unassigned
,,,Arthrobacter
,,,Unassigned
,,,Unassigned
,,,Unassigned
,,,Unassigned
,,,Unassigned
,,,Novosphingobium
,,,Unassigned
,,,Unassigned
,,,Unassigned
,,,Unassigned
,,,Unassigned
,,,Devosia
,,,Unassigned
,,,Unassigned
,,,Nocardioides
,,,Unassigned
,,,Saccharibacillus
,,,Pontibacter
,,,Rhodopirellula
,,,Chthoniobacter
,,,Burkholderia
,,,Unassigned
,,,Woodsholea
,,,Brevundimonas
,,,Unassigned
,,,Quadrisphaera
,,,Unassigned
,,,Rubellimicrobium
,,,Terrabacter
,,,Unassigned
,,,Unassigned
,,,Segetibacter
,,,Unassigned
,,,Flavobacterium
,,,Unassigned
,,,Pseudarcicella
,,,Unassigned
,,,Unassigned
,,,Arcticibacter
,,,Mesorhizobium
,,,Polynucleobacter
,,,Brevundimonas
,,,Unassigned
,,,Unassigned
,,,Novosphingobium
,,,Unassigned
,,,Bacillus
,,,Unassigned
,,,Unassigned
,,,Pedobacter
,,,Unassigned
,,,Unassigned
,,,Rhodopirellula
,,,Unassigned
,,,Promicromonospora
,,,Bacillus
,,,Actinoplanes
,,,Unassigned
,,,Unassigned
,,,Flavisolibacter
,,,Asticcacaulis
,,,Unassigned
,,,Sphingomonas
,,,Unassigned
,,,Adhaeribacter
,,,Paenibacillus
,,,Unassigned
,,,Legionella
,,,Novosphingobium
,,,Unassigned
,,,Planctomyces
,,,Unassigned
,,,Microbacterium
,,,Unassigned
,,,Rathayibacter
,,,Unassigned
,,,Sorangium
,,,Unassigned
,,,Unassigned
,,,Unassigned
,,,Lysobacter
,,,Rubellimicrobium
,,,Hirschia
,,,Iamia
,,,Unassigned
,,,Litorilinea
,,,Unassigned
,,,Flavisolibacter
,,,Unassigned
,,,Dyadobacter
,,,Unassigned
,,,Opitutus
,,,Rubellimicrobium
,,,Unassigned
,,,Unassigned
,,,Unassigned
,,,Unassigned
,,,Nocardioides
,,,Fluviicola
,,,Unassigned
,,,Unassigned
,,,Unassigned
,,,Bacillus
,,,Unassigned
,,,Unassigned
,,,Unassigned
,,,Sphingomonas
,,,Flavobacterium
,,,Adhaeribacter
,,,Candidatus_Alysiosphaera
,,,Unassigned
,,,Unassigned
,,,Opitutus
,,,Nocardioides
,,,Unassigned
,,,Pseudomonas
,,,Unassigned
,,,Unassigned
,,,Unassigned
,,,Unassigned
,,,Parapedobacter
,,,Sphingomonas
,,,Schlesneria
,,,Unassigned
,,,Unassigned
,,,Unassigned
,,,Unassigned
,,,Unassigned
,,,Bacillus
,,,Unassigned
,,,Unassigned
,,,Unassigned
,,,Pedobacter
,,,Pir4_lineage
,,,Blastocatella
,,,Bryobacter
,,,Pseudomonas
,,,Unassigned
,,,Roseomonas
,,,Peredibacter
,,,Massilia
,,,Unassigned
,,,Unassigned
,,,Unassigned
,,,Blastocatella
,,,Unassigned
,,,Unassigned
,,,Unassigned
,,,Unassigned
,,,Unassigned
,,,Unassigned
,,,Unassigned
,,,Dyadobacter
,,,Unassigned
,,,Unassigned
,,,Unassigned
,,,Nocardioides
,,,Unassigned
,,,Polycyclovorans
,,,Unassigned
,,,Unassigned
,,,Unassigned
,,,Rubrivirga
,,,Unassigned
,,,Unassigned
,,,Planctomyces
,,,Mycobacterium
,,,Unassigned
,,,Pseudomonas
,,,Unassigned
,,,Adhaeribacter
,,,Unassigned
,,,Unassigned
,,,Unassigned
,,,Unassigned
,,,Pseudomonas
,,,Unassigned
,,,Unassigned
,,,Unassigned
,,,Cellulosimicrobium
,,,Desertibacter
,,,Unassigned
,,,Unassigned
,,,Unassigned
,,,Unassigned
,,,Unassigned
,,,Unassigned
,,,GKS98_freshwater_group
,,,Pedomicrobium
,,,Unassigned
,,,Unassigned
,,,Roseomonas
,,,Unassigned
,,,Chitinophaga
,,,Unassigned
,,,Pir4_lineage
,,,Unassigned
,,,Bacillus
,,,Chryseobacterium
,,,Unassigned
,,,Pseudolabrys
,,,Unassigned
,,,Unassigned
,,,Unassigned
,,,Rhodococcus
,,,Ohtaekwangia
,,,Peredibacter
,,,Arthrobacter
,,,Unassigned
,,,Pseudoxanthomonas
,,,Unassigned
,,,Unassigned
,,,Unassigned
,,,Nibribacter
,,,Chitinophaga
,,,Arcticibacter
,,,Brevundimonas
,,,Unassigned
,,,Unassigned
,,,Unassigned
,,,Unassigned
,,,Saccharibacillus
,,,Nocardioides
,,,Pontibacter
,,,Unassigned
,,,Mycobacterium
,,,Leucobacter
,,,Unassigned
,,,Unassigned
,,,Pseudonocardia
,,,Unassigned
,,,Dyadobacter
,,,Unassigned
,,,Polycyclovorans
,,,Unassigned
,,,Unassigned
,,,Novosphingobium
,,,Segetibacter
,,,Fontimonas
,,,Unassigned
,,,Rhizobium
,,,Unassigned
,,,Pedobacter
,,,Unassigned
,,,Unassigned
,,,Unassigned
,,,Truepera
,,,Pseudomonas
,,,Unassigned
,,,Unassigned
,,,Unassigned
,,,Unassigned
,,,Pir4_lineage
,,,Adhaeribacter
,,,Rubidimonas
,,,Microbacterium
,,,Pseudomonas
,,,Smaragdicoccus
,,,Unassigned
,,,hgcI_clade
,,,Unassigned
,,,Sphingomonas
,,,Saccharibacillus
,,,Pedomicrobium
,,,Marmoricola
,,,Nakamurella
,,,Unassigned
,,,Planctomyces
,,,Unassigned
,,,Unassigned
,,,Pedomicrobium
,,,Chryseobacterium
,,,Unassigned
,,,Unassigned
,,,Pedomicrobium
,,,Phenylobacterium
,,,Unassigned
,,,Unassigned
,,,Unassigned
,,,Sphingomonas
,,,Sphingomonas
,,,Unassigned
,,,Unassigned
,,,Lysobacter
,,,Pontibacter
,,,Unassigned
,,,Unassigned
,,,Unassigned
,,,Unassigned
,,,Pontibacter
,,,Flavisolibacter
,,,Unassigned
,,,Unassigned
,,,Ferruginibacter
,,,Unassigned
,,,Nocardioides
,,,Unassigned
,,,Flavobacterium
,,,Pirellula
,,,Unassigned
,,,Adhaeribacter
,,,Adhaeribacter
,,,Unassigned
,,,Peredibacter
,,,Unassigned
,,,Unassigned
,,,Unassigned
,,,Chthoniobacter
,,,Unassigned
,,,Rufibacter
,,,Unassigned
,,,Unassigned
,,,Unassigned
,,,Unassigned
,,,Unassigned
,,,Paenibacillus
,,,Unassigned
,,,Bdellovibrio
,,,Unassigned
,,,Pseudomonas
,,,Flavobacterium
,,,Unassigned
,,,Unassigned
,,,Rheinheimera
,,,Unassigned
,,,Unassigned
,,,Owenweeksia
,,,Burkholderia
,,,Unassigned
,,,Unassigned
,,,GKS98_freshwater_group
,,,Sphingomonas
,,,Unassigned
,,,Flavisolibacter
,,,Blastococcus
,,,Unassigned
,,,Unassigned
,,,Skermanella
,,,Planctomyces
,,,Adhaeribacter
,,,Carnobacterium
,,,Unassigned
,,,Unassigned
,,,Blastocatella
,,,Flavobacterium
,,,Unassigned
,,,Sphingopyxis
,,,Unassigned
,,,Unassigned
,,,Unassigned
,,,Unassigned
,,,Pseudomonas
,,,Unassigned
,,,Unassigned
,,,Unassigned
,,,Planctomyces
,,,Fluviicola
,,,Luteolibacter
,,,Unassigned
,,,Unassigned
,,,Unassigned
,,,Unassigned
,,,Rhizobium
,,,Unassigned
,,,Terrimonas
,,,Nibribacter
,,,Opitutus
,,,Unassigned
,,,Sphingomonas
,,,Unassigned
,,,Unassigned
,,,Unassigned
,,,Unassigned
,,,Unassigned
,,,Flavobacterium
,,,Hyphomicrobium
,,,Sphingobacterium
,,,Unassigned
,,,Unassigned
,,,Blastocatella
,,,Variibacter
,,,Flavobacterium
,,,Unassigned
,,,Unassigned
,,,Asticcacaulis
,,,Unassigned
,,,Unassigned
,,,Hirschia
,,,Pir4_lineage
,,,Pontibacter
,,,Ohtaekwangia
,,,Solirubrobacter
,,,Unassigned
,,,Unassigned
,,,Unassigned
,,,Unassigned
,,,Azospirillum
,,,Unassigned
,,,Hyphomicrobium
,,,Unassigned
,,,Unassigned
,,,Unassigned
,,,Devosia
,,,Planctomyces
,,,Unassigned
,,,Parafilimonas
,,,Blastocatella
,,,Gemmata
,,,Unassigned
,,,Candidatus_Nitrososphaera
,,,Kribbella
,,,Unassigned
,,,Propionibacterium
,,,Altererythrobacter
,,,Ohtaekwangia
,,,Unassigned
,,,Dyadobacter
,,,Unassigned
,,,Pseudomonas
,,,Pseudomonas
,,,Unassigned
,,,Luteolibacter
,,,Unassigned
,,,Blastocatella
,,,Unassigned
,,,Unassigned
,,,Unassigned
,,,Segetibacter
,,,Gordonia
,,,Bacillus
,,,Flavobacterium
,,,Unassigned
,,,Unassigned
,,,Niastella
,,,Pirellula
,,,Unassigned
,,,Unassigned
,,,Unassigned
,,,Pseudomonas
,,,Dyadobacter
,,,Pirellula
,,,Unassigned
,,,Pseudomonas
,,,Pseudomonas
,,,Unassigned
,,,Pedobacter
,,,Devosia
,,,Unassigned
,,,Nitrosomonas
,,,Unassigned
,,,Unassigned
,,,Unassigned
,,,Unassigned
,,,Flavisolibacter
,,,Nocardioides
,,,Unassigned
,,,Unassigned
,,,Unassigned
,,,Unassigned
,,,Unassigned
,,,Unassigned
,,,Kineococcus
,,,Unassigned
,,,Rhodoplanes
,,,Unassigned
,,,Flavobacterium
,,,Unassigned
,,,Nocardioides
,,,Unassigned
,,,Pseudomonas
,,,Unassigned
,,,Lysobacter
,,,Unassigned
,,,Unassigned
,,,Unassigned
,,,Unassigned
,,,Unassigned
,,,Verrucomicrobium
,,,Unassigned
,,,Unassigned
,,,Unassigned
,,,Paenibacillus
,,,Variovorax
,,,Unassigned
,,,Synechococcus
,,,Unassigned
,,,Pseudomonas
,,,Unassigned
,,,Unassigned
,,,Iamia
,,,Unassigned
,,,Segetibacter
,,,Flavobacterium
,,,Flavobacterium
,,,Nitrosomonas
,,,Pseudonocardia
,,,Adhaeribacter
,,,Unassigned
,,,Unassigned
,,,Unassigned
,,,Unassigned
,,,Unassigned
,,,Rhodoplanes
,,,Unassigned
,,,Rhodopirellula
,,,Unassigned
,,,Sandarakinorhabdus
,,,Euzebya
,,,Unassigned
,,,Pseudomonas
,,,Unassigned
,,,Fluviicola
,,,Rhodocytophaga
,,,Chthoniobacter
,,,Sphingomonas
,,,Unassigned
,,,Mycobacterium
,,,Unassigned
,,,Saccharibacillus
,,,Unassigned
,,,Unassigned
,,,Flavobacterium
,,,Nocardioides
,,,Unassigned
,,,Unassigned
,,,Sphingomonas
,,,Pseudolabrys
,,,Candidatus_Nitrososphaera
,,,Bryobacter
,,,Agromyces
,,,Pedobacter
,,,Unassigned
,,,Arthrobacter
,,,Bauldia
,,,Unassigned
,,,Unassigned
,,,Unassigned
,,,Unassigned
,,,Bdellovibrio
,,,Unassigned
,,,Roseimicrobium
,,,Unassigned
,,,Pseudospirillum
,,,Polycyclovorans
,,,Phormidium
,,,Polycyclovorans
,,,Planctomyces
,,,Streptomyces
,,,Flavobacterium
,,,Unassigned
,,,Unassigned
,,,Unassigned
,,,Paenibacillus
,,,Ensifer
,,,Iamia
,,,Bdellovibrio
,,,Unassigned
,,,Unassigned
,,,Sphingomonas
,,,Blastocatella
,,,Mycobacterium
,,,Unassigned
,,,Unassigned
,,,Unassigned
,,,Pseudomonas
,,,Unassigned
,,,Unassigned
,,,Arthrobacter
,,,Microcoleus
,,,Pseudomonas
,,,Unassigned
,,,Chthoniobacter
,,,Mucilaginibacter
,,,Euzebya
,,,Flavobacterium
,,,Prosthecobacter
,,,Unassigned
,,,Unassigned
,,,Brevundimonas
,,,Unassigned
,,,Unassigned
,,,Devosia
,,,Mesorhizobium
,,,Unassigned
,,,Pir4_lineage
,,,Unassigned
,,,Unassigned
,,,Flavobacterium
,,,Arthrobacter
,,,Unassigned
,,,Unassigned
,,,Unassigned
,,,Flavobacterium
,,,Pseudomonas
,,,Unassigned
,,,Opitutus
,,,Unassigned
,,,Unassigned
,,,Unassigned
,,,Unassigned
,,,Unassigned
,,,Nocardioides
,,,Microbacterium
,,,Unassigned
,,,Opitutus
,,,Isosphaera
,,,Unassigned
,,,Modestobacter
,,,Unassigned
,,,Unassigned
,,,Acidovorax
,,,Modestobacter
,,,Unassigned
,,,Actinophytocola
,,,Cellulosimicrobium
,,,Pelagibacterium
,,,Unassigned
,,,Pirellula
,,,Unassigned
,,,Unassigned
,,,Mycobacterium
,,,Flavisolibacter
,,,Unassigned
,,,Unassigned
,,,Unassigned
,,,Flavisolibacter
,,,Unassigned
,,,Rubellimicrobium
,,,Nocardioides
,,,Unassigned
,,,Unassigned
,,,Unassigned
,,,Microcoleus
,,,Devosia
,,,Pirellula
,,,Unassigned
,,,Opitutus
,,,Flavisolibacter
,,,Sphingopyxis
,,,Unassigned
,,,Nannocystis
,,,Blastocatella
,,,Unassigned
,,,Unassigned
,,,Unassigned
,,,Unassigned
,,,Unassigned
,,,Planctomyces
,,,Unassigned
,,,Unassigned
,,,Unassigned
,,,Unassigned
,,,Unassigned
,,,Unassigned
,,,Unassigned
,,,Arcticibacter
,,,Unassigned
,,,Flavisolibacter
,,,Nocardioides
,,,Unassigned
,,,Pseudomonas
,,,Unassigned
,,,Unassigned
,,,Bdellovibrio
,,,Adhaeribacter
,,,Unassigned
,,,Blastocatella
,,,Unassigned
,,,Roseomonas
,,,Lysinimonas
,,,Unassigned
,,,Unassigned
,,,Unassigned
,,,Planctomyces
,,,Friedmanniella
,,,Chthoniobacter
,,,Unassigned
,,,Paenibacillus
,,,Unassigned
,,,Pedomicrobium
,,,Bacillus
,,,Phenylobacterium
,,,Luteolibacter
,,,Unassigned
,,,Pedobacter
,,,Unassigned
,,,Bacillus
,,,Dyadobacter
,,,Unassigned
,,,Unassigned
,,,Unassigned
,,,Rubrivirga
,,,Chthoniobacter
,,,Unassigned
,,,Unassigned
,,,Unassigned
,,,Unassigned
,,,Unassigned
,,,Rubellimicrobium
,,,Unassigned
,,,Unassigned
,,,Unassigned
,,,Unassigned
,,,Unassigned
,,,Unassigned
,,,Unassigned
,,,Unassigned
,,,Nannocystis
,,,Unassigned
,,,Pedomicrobium
,,,Unassigned
,,,Chthoniobacter
,,,Cesiribacter
,,,Unassigned
,,,Flavobacterium
,,,Unassigned
,,,Brevundimonas
,,,Rubellimicrobium
,,,Unassigned
,,,Pirellula
,,,Unassigned
,,,Unassigned
,,,Nitratireductor
,,,Herpetosiphon
,,,Streptomyces
,,,Unassigned
,,,Arthrobacter
,,,Unassigned
,,,Unassigned
,,,Bdellovibrio
,,,Unassigned
,,,Polycyclovorans
,,,Mycobacterium
,,,Unassigned
,,,Phenylobacterium
,,,Terrimonas
,,,Polycyclovorans
,,,Pirellula
,,,Aquabacterium
,,,Planctomyces
,,,Unassigned
,,,Sphingomonas
,,,Pir4_lineage
,,,Actinomycetospora
,,,Illumatobacter
,,,Illumatobacter
,,,Unassigned
,,,Peredibacter
,,,Sphingobacterium
,,,Unassigned
,,,Steroidobacter
,,,Rubellimicrobium
,,,Unassigned
,,,Unassigned
,,,Unassigned
,,,Asticcacaulis
,,,Unassigned
,,,Unassigned
,,,Unassigned
,,,Unassigned
,,,Rhizobium
,,,Emticicia
,,,Unassigned
,,,Unassigned
,,,Unassigned
,,,Unassigned
,,,Unassigned
,,,Sphingomonas
,,,Massilia
,,,Unassigned
,,,Rhizobium
,,,Unassigned
,,,Unassigned
,,,Paenibacillus
,,,Unassigned
,,,Unassigned
,,,Unassigned
,,,Unassigned
,,,Flavobacterium
,,,Devosia
,,,Unassigned
,,,Unassigned
,,,Deinococcus
,,,Bradyrhizobium
,,,Chlorochromatium
,,,Unassigned
,,,Unassigned
,,,Unassigned
,,,Flavobacterium
,,,Sphingomonas
,,,Unassigned
,,,Unassigned
,,,Nakamurella
,,,Unassigned
,,,Unassigned
,,,Unassigned
,,,Unassigned
,,,Segetibacter
,,,Sorangium
,,,Flavitalea
,,,Sphingomonas
,,,Rubellimicrobium
,,,Paenibacillus
,,,Unassigned
,,,Unassigned
,,,Flavobacterium
,,,Unassigned
,,,Unassigned
,,,Unassigned
,,,Unassigned
,,,Unassigned
,,,Unassigned
,,,Unassigned
,,,Unassigned
,,,Unassigned
,,,Aquicella
,,,Unassigned
,,,Unassigned
,,,Bdellovibrio
,,,Unassigned
,,,Unassigned
,,,Unassigned
,,,Unassigned
,,,Unassigned
,,,Unassigned
,,,Unassigned
,,,Bdellovibrio
,,,Candidatus_Protochlamydia
,,,Algoriphagus
,,,Variibacter
,,,Unassigned
,,,Unassigned
,,,Unassigned
,,,Unassigned
,,,Steroidobacter
,,,Ohtaekwangia
,,,Unassigned
,,,Unassigned
,,,Mycobacterium
,,,Fluviicola
,,,Unassigned
,,,Nocardiopsis
,,,Planctomyces
,,,Unassigned
,,,Actinoplanes
,,,Pseudomonas
,,,Pseudomonas
,,,Flavisolibacter
,,,Flavobacterium
,,,Unassigned
,,,Chryseobacterium
,,,Unassigned
,,,Unassigned
,,,Solirubrobacter
,,,Gemmata
,,,Unassigned
,,,Arthrobacter
,,,Iamia
,,,Gemmatimonas
,,,Unassigned
,,,Segetibacter
,,,Unassigned
,,,Unassigned
,,,Chthoniobacter
,,,Neochlamydia
,,,Unassigned
,,,Unassigned
,,,Unassigned
,,,Unassigned
,,,Pirellula
,,,Adhaeribacter
,,,Hymenobacter
,,,Nitrospira
,,,Sphingobacterium
,,,Unassigned
,,,Unassigned
,,,Unassigned
,,,Unassigned
,,,Unassigned
,,,Agromyces
,,,Unassigned
,,,Sphingomonas
,,,Unassigned
,,,Nocardioides
,,,Unassigned
,,,Flavobacterium
,,,Bacillus
,,,Flavobacterium
,,,Pseudomonas
,,,Bosea
,,,Planctomyces
,,,Paenibacillus
,,,Pir4_lineage
,,,Unassigned
,,,Unassigned
,,,Unassigned
,,,Rheinheimera
,,,Unassigned
,,,I-8
,,,Unassigned
,,,Unassigned
,,,Unassigned
,,,Unassigned
,,,possible_genus_04
,,,Asticcacaulis
,,,Unassigned
,,,Unassigned
,,,Rubellimicrobium
,,,Unassigned
,,,Unassigned
,,,Mycobacterium
,,,Nocardioides
,,,Unassigned
,,,Unassigned
,,,Unassigned
,,,Unassigned
,,,Massilia
,,,Friedmanniella
,,,Unassigned
,,,Flavobacterium
,,,Unassigned
,,,Pirellula
,,,Pontibacter
,,,Unassigned
,,,Unassigned
,,,Unassigned
,,,Unassigned
,,,Unassigned
,,,Unassigned
,,,Unassigned
,,,Unassigned
,,,Unassigned
,,,Lysobacter
,,,Rhizobium
,,,Unassigned
,,,Unassigned
,,,Flavisolibacter
,,,Blastocatella
,,,Unassigned
,,,Unassigned
,,,Unassigned
,,,Pirellula
,,,Unassigned
,,,Mesorhizobium
,,,Adhaeribacter
,,,Gaiella
,,,Asteroleplasma
,,,Unassigned
,,,Sphingomonas
,,,Unassigned
,,,Reyranella
,,,Unassigned
,,,Sphingomonas
,,,Unassigned
,,,Unassigned
,,,Iamia
,,,Solirubrobacter
,,,Geodermatophilus
,,,Unassigned
,,,Unassigned
,,,Unassigned
,,,Unassigned
,,,Planctomyces
,,,Unassigned
,,,Pelagibacterium
,,,Unassigned
,,,Unassigned
,,,Unassigned
,,,Unassigned
,,,Sphingobacterium
,,,Unassigned
,,,Unassigned
,,,Opitutus
,,,Streptomyces
,,,Nocardioides
,,,Unassigned
,,,Unassigned
,,,Unassigned
,,,Pseudomonas
,,,Unassigned
,,,Unassigned
,,,Pseudomonas
,,,Unassigned
,,,Unassigned
,,,Planomicrobium
,,,Unassigned
,,,Herpetosiphon
,,,Rhodocytophaga
,,,Unassigned
,,,Pirellula
,,,Unassigned
,,,Unassigned
,,,Unassigned
,,,Unassigned
,,,Unassigned
,,,Unassigned
,,,Unassigned
,,,Unassigned
,,,Blastocatella
,,,Flavobacterium
,,,Methylobacterium
,,,Unassigned
,,,Unassigned
,,,Mycobacterium
,,,Bacillus
,,,Pseudomonas
,,,Bacillus
,,,Nitrosomonas
,,,Unassigned
,,,Unassigned
,,,Unassigned
,,,Devosia
,,,Paenibacillus
,,,Unassigned
,,,Unassigned
,,,Opitutus
,,,Unassigned
,,,Pseudomonas
,,,Cryobacterium
,,,Burkholderia
,,,Nocardioides
,,,Unassigned
,,,Sphingomonas
,,,Unassigned
,,,Unassigned
,,,Devosia
,,,Flavobacterium
,,,Unassigned
,,,Bdellovibrio
,,,Unassigned
,,,Unassigned
,,,Peredibacter
,,,Unassigned
,,,Pontibacter
,,,Unassigned
,,,Unassigned
,,,CL500-29_marine_group
,,,Unassigned
,,,Unassigned
,,,Unassigned
,,,Unassigned
,,,Unassigned
,,,Unassigned
,,,Unassigned
,,,Unassigned
,,,Microlunatus
,,,Arenimonas
,,,Unassigned
,,,Unassigned
,,,Unassigned
,,,Unassigned
,,,Unassigned
,,,Planctomyces
,,,Flavisolibacter
,,,Pseudospirillum
,,,Ferruginibacter
,,,Sphingobacterium
,,,Chitinophaga
,,,Flavitalea
,,,Planctomyces
,,,Nocardioides
,,,Nakamurella
,,,Phaeodactylibacter
,,,Unassigned
,,,Unassigned
,,,Opitutus
,,,Bdellovibrio
,,,Unassigned
,,,Unassigned
,,,Unassigned
,,,Chitinophaga
,,,Unassigned
,,,Acidovorax
,,,Pseudomonas
,,,Candidatus_Protochlamydia
,,,Unassigned
,,,Unassigned
,,,Haliangium
,,,Unassigned
,,,Adhaeribacter
,,,Haliangium
,,,Bdellovibrio
,,,Unassigned
,,,Unassigned
,,,Unassigned
,,,Peredibacter
,,,Unassigned
,,,Parafilimonas
,,,Paenibacillus
,,,Unassigned
,,,Unassigned
,,,Unassigned
,,,Fluviicola
,,,Reichenbachiella
,,,Haloferula
,,,Polycyclovorans
,,,Unassigned
,,,Gemmatimonas
,,,Phaeodactylibacter
,,,Blastocatella
,,,Psychrobacter
,,,Adhaeribacter
,,,Unassigned
,,,Nocardioides
,,,Chitinophaga
,,,Unassigned
,,,Pedomicrobium
,,,Sphingomonas
,,,Unassigned
,,,Unassigned
,,,Unassigned
,,,Unassigned
,,,Unassigned
,,,Unassigned
,,,Unassigned
,,,Unassigned
,,,Microlunatus
,,,Unassigned
,,,Unassigned
,,,Flavobacterium
,,,Unassigned
,,,Unassigned
,,,Unassigned
,,,Unassigned
,,,Unassigned
,,,Paenibacillus
,,,Unassigned
,,,I-8
,,,Polycyclovorans
,,,Fluviicola
,,,Sphingomonas
,,,Sphingomonas
,,,Aquicella
,,,Unassigned
,,,Paenibacillus
,,,Herpetosiphon
,,,Woodsholea
,,,Unassigned
,,,Candidatus_Rhabdochlamydia
,,,Unassigned
,,,Cellvibrio
,,,Unassigned
,,,Nocardioides
,,,Unassigned
,,,Olivibacter
,,,Unassigned
,,,Deinococcus
,,,Chthoniobacter
,,,Prosthecobacter
,,,Unassigned
,,,Unassigned
,,,Peredibacter
,,,Unassigned
,,,Variibacter
,,,Unassigned
,,,Nitrospira
,,,Unassigned
,,,Unassigned
,,,Micromonospora
,,,Flavisolibacter
,,,Pir4_lineage
,,,Unassigned
,,,Unassigned
,,,Fluviicola
,,,Unassigned
,,,Unassigned
,,,Unassigned
,,,Unassigned
,,,Olivibacter
,,,Unassigned
,,,Unassigned
,,,Unassigned
,,,Flavobacterium
,,,Truepera
,,,Aeromicrobium
,,,Unassigned
,,,Haloferula
,,,Unassigned
,,,Unassigned
,,,Unassigned
,,,Unassigned
,,,Limnohabitans
,,,Unassigned
,,,Thermomonas
,,,Unassigned
,,,Unassigned
,,,Unassigned
,,,Unassigned
,,,Gaiella
,,,Altererythrobacter
,,,Unassigned
,,,Unassigned
,,,Candidatus_Alysiosphaera
,,,Unassigned
,,,Nibribacter
,,,Unassigned
,,,Unassigned
,,,Solimonas
,,,Microlunatus
,,,Unassigned
,,,Unassigned
,,,Unassigned
,,,Flavisolibacter
,,,Unassigned
,,,Pirellula
,,,Porphyrobacter
,,,Unassigned
,,,Unassigned
,,,Unassigned
,,,Paenibacillus
,,,Unassigned
,,,Nocardioides
,,,CL500-29_marine_group
,,,SM1A02
,,,Unassigned
,,,Longispora
,,,Unassigned
,,,Pseudolabrys
,,,Unassigned
,,,Bdellovibrio
,,,Pseudomonas
,,,Unassigned
,,,Flavisolibacter
,,,Pedobacter
,,,Unassigned
,,,Sphingomonas
,,,Unassigned
,,,Flavisolibacter
,,,Unassigned
,,,Unassigned
,,,Chryseobacterium
,,,Nitratireductor
,,,Cellvibrio
,,,Unassigned
,,,Unassigned
,,,Unassigned
,,,Unassigned
,,,Unassigned
,,,Unassigned
,,,Unassigned
,,,Unassigned
,,,Unassigned
,,,Duganella
,,,Fluviicola
,,,Unassigned
,,,Unassigned
,,,Bdellovibrio
,,,Unassigned
,,,Unassigned
,,,Unassigned
,,,Blastocatella
,,,Phaeodactylibacter
,,,Unassigned
,,,Sediminibacterium
,,,Unassigned
,,,Unassigned
,,,Unassigned
,,,Unassigned
,,,Dyadobacter
,,,Lysobacter
,,,Kribbella
,,,Polycyclovorans
,,,Nocardioides
,,,Pedobacter
,,,Unassigned
,,,Unassigned
,,,Roseiflexus
,,,Unassigned
,,,Unassigned
,,,Pirellula
,,,possible_genus_04
,,,Bdellovibrio
,,,Unassigned
,,,Unassigned
,,,Unassigned
,,,Unassigned
,,,Flavisolibacter
,,,Unassigned
,,,Unassigned
,,,Phycicoccus
,,,Shewanella
,,,Planctomyces
,,,Unassigned
,,,Unassigned
,,,Unassigned
,,,Unassigned
,,,Polycyclovorans
,,,Nibribacter
,,,Unassigned
,,,Phaeodactylibacter
,,,Unassigned
,,,Reyranella
,,,Nakamurella
,,,Unassigned
,,,Unassigned
,,,Unassigned
,,,Unassigned
,,,Unassigned
,,,Nitrospira
,,,Unassigned
,,,Sphingobacterium
,,,Peredibacter
,,,Unassigned
,,,Terrimonas
,,,Pir4_lineage
,,,Unassigned
,,,Unassigned
,,,Unassigned
,,,Polycyclovorans
,,,Unassigned
,,,Unassigned
,,,Unassigned
,,,Pseudomonas
,,,Unassigned
,,,Unassigned
,,,Unassigned
,,,Devosia
,,,Unassigned
,,,Unassigned
,,,Gemmata
,,,Segetibacter
,,,Paenibacillus
,,,Variibacter
,,,Unassigned
,,,Flavobacterium
,,,Unassigned
,,,Unassigned
,,,Unassigned
,,,Pir4_lineage
,,,Planctomyces
,,,Unassigned
,,,Bacillus
,,,Unassigned
,,,Unassigned
,,,Unassigned
,,,Sphingomonas
,,,Unassigned
,,,Unassigned
,,,Unassigned
,,,Unassigned
,,,Unassigned
,,,Haloferula
,,,Unassigned
,,,Skermanella
,,,Unassigned
,,,Rhodopirellula
,,,Unassigned
,,,Unassigned
,,,Unassigned
,,,Micropruina
,,,Gaiella
,,,Blastocatella
,,,Unassigned
,,,Unassigned
,,,Agrococcus
,,,Pir4_lineage
,,,Unassigned
,,,Unassigned
,,,Unassigned
,,,Unassigned
,,,Mesorhizobium
,,,Unassigned
,,,Unassigned
,,,Polycyclovorans
,,,Terrimonas
,,,Unassigned
,,,Unassigned
,,,Rubellimicrobium
,,,Janthinobacterium
,,,Niastella
,,,Unassigned
,,,Unassigned
,,,Unassigned
,,,Unassigned
,,,Unassigned
,,,Unassigned
,,,Paenibacillus
,,,Unassigned
,,,Parapedobacter
,,,Blastocatella
,,,Unassigned
,,,Novosphingobium
,,,Pedobacter
,,,Unassigned
,,,Sphingomonas
,,,Flavobacterium
,,,Unassigned
,,,Flavobacterium
,,,Gemmatimonas
,,,Chryseobacterium
,,,Unassigned
,,,Unassigned
,,,Modestobacter
,,,Unassigned
,,,Dyadobacter
,,,Adhaeribacter
,,,Unassigned
,,,Nocardioides
,,,Unassigned
,,,Reyranella
,,,Unassigned
,,,Unassigned
,,,Ferruginibacter
,,,Bdellovibrio
,,,Unassigned
,,,Unassigned
,,,Unassigned
,,,Unassigned
,,,Unassigned
,,,Pseudoxanthobacter
,,,Unassigned
,,,Frigoribacterium
,,,Unassigned
,,,Unassigned
,,,Unassigned
,,,Unassigned
,,,Unassigned
,,,Unassigned
,,,Unassigned
,,,Unassigned
,,,Unassigned
,,,Adhaeribacter
,,,Opitutus
,,,Planctomyces
,,,Planctomyces
,,,Nitratireductor
,,,Chitinophaga
,,,Niastella
,,,Unassigned
,,,Unassigned
,,,Unassigned
,,,Unassigned
,,,Nitrospira
,,,Phaeodactylibacter
,,,Unassigned
,,,Unassigned
,,,Unassigned
,,,Rubellimicrobium
,,,Unassigned
,,,Unassigned
,,,Opitutus
,,,Quadrisphaera
,,,Erythrobacter
,,,Unassigned
,,,Nocardioides
,,,Unassigned
,,,Unassigned
,,,Unassigned
,,,Unassigned
,,,Pseudomonas
,,,Candidatus_Solibacter
,,,Microvirga
,,,Unassigned
,,,Adhaeribacter
,,,Unassigned
,,,Pirellula
,,,Gaiella
,,,Lautropia
,,,Unassigned
,,,Unassigned
,,,Anaeromyxobacter
,,,Unassigned
,,,Euzebya
,,,Unassigned
,,,Unassigned
,,,Bacillus
,,,Unassigned
,,,Unassigned
,,,Adhaeribacter
,,,Unassigned
,,,Planctomyces
,,,Sphingobacterium
,,,Haliangium
,,,Gaiella
,,,Pir4_lineage
,,,Unassigned
,,,Crocinitomix
,,,Unassigned
,,,Methylobacillus
,,,Unassigned
,,,Haloferula
,,,Unassigned
,,,Unassigned
,,,Unassigned
,,,Unassigned
,,,Unassigned
,,,Unassigned
,,,Unassigned
,,,Unassigned
,,,Unassigned
,,,Unassigned
,,,Unassigned
,,,Unassigned
,,,Dietzia
,,,Pontibacter
,,,Unassigned
,,,Unassigned
,,,Unassigned
,,,Ferrovibrio
,,,Novosphingobium
,,,Unassigned
,,,Pedobacter
,,,Flavobacterium
,,,Illumatobacter
,,,Nocardioides
,,,Unassigned
,,,Unassigned
,,,Acinetobacter
,,,Paenibacillus
,,,Unassigned
,,,Unassigned
,,,Roseiflexus
,,,Unassigned
,,,Ferruginibacter
,,,Flavobacterium
,,,Arenimonas
,,,Nocardioides
,,,Unassigned
,,,Pontibacter
,,,Unassigned
,,,Massilia
,,,Unassigned
,,,Pseudomonas
,,,Unassigned
,,,Unassigned
,,,Unassigned
,,,Herpetosiphon
,,,Unassigned
,,,Phaeodactylibacter
,,,Pir4_lineage
,,,Coxiella
,,,Unassigned
,,,Unassigned
,,,Unassigned
,,,Segetibacter
,,,Unassigned
,,,Nitrospira
,,,Nakamurella
,,,Unassigned
,,,Unassigned
,,,Unassigned
,,,Unassigned
,,,Microbacterium
,,,Unassigned
,,,Unassigned
,,,Unassigned
,,,Unassigned
,,,OM27_clade
,,,Unassigned
,,,Unassigned
,,,Mesorhizobium
,,,Unassigned
,,,Gemmatimonas
,,,Unassigned
,,,Unassigned
,,,Unassigned
,,,Cupriavidus
,,,Unassigned
,,,Unassigned
,,,Roseiflexus
,,,Dongia
,,,Rubellimicrobium
,,,Unassigned
,,,Unassigned
,,,Unassigned
,,,Unassigned
,,,Planctomyces
,,,Unassigned
,,,Unassigned
,,,Rhizobium
,,,Pirellula
,,,Acinetobacter
,,,Aminobacter
,,,Unassigned
,,,Bdellovibrio
,,,Candidatus_Chloroploca
,,,Herpetosiphon
,,,Flavobacterium
,,,Unassigned
,,,Algoriphagus
,,,Unassigned
,,,Unassigned
,,,Unassigned
,,,Unassigned
,,,Unassigned
,,,Gaiella
,,,Unassigned
,,,Unassigned
,,,Pseudomonas
,,,Unassigned
,,,Tahibacter
,,,Unassigned
,,,Blastocatella
,,,Unassigned
,,,Unassigned
,,,Unassigned
,,,Unassigned
,,,Rubellimicrobium
,,,Flavisolibacter
,,,Unassigned
,,,Variibacter
,,,Candidatus_Entotheonella
,,,Unassigned
,,,Unassigned
,,,Haliangium
,,,Unassigned
,,,Unassigned
,,,Unassigned
,,,Mesorhizobium
,,,Adhaeribacter
,,,Planctomyces
,,,Caulobacter
,,,Unassigned
,,,Pseudomonas
,,,Unassigned
,,,Gemmata
,,,Unassigned
,,,Unassigned
,,,Unassigned
,,,Woodsholea
,,,Unassigned
,,,Terrimonas
,,,Blastococcus
,,,Unassigned
,,,Rhodobacter
,,,Unassigned
,,,Legionella
,,,Unassigned
,,,Unassigned
,,,Pirellula
,,,Candidatus_Protochlamydia
,,,Unassigned
,,,Unassigned
,,,Unassigned
,,,Unassigned
,,,Unassigned
,,,Prosthecomicrobium
,,,Unassigned
,,,Chryseobacterium
,,,Haliangium
,,,Pontibacter
,,,Unassigned
,,,Planctomyces
,,,Unassigned
,,,Unassigned
,,,Unassigned
,,,Unassigned
,,,Unassigned
,,,Cellvibrio
,,,Candidatus_Protochlamydia
,,,Unassigned
,,,Aliihoeflea
,,,Unassigned
,,,Unassigned
,,,Terrimonas
,,,Rubellimicrobium
,,,Unassigned
,,,Unassigned
,,,Unassigned
,,,Unassigned
,,,Unassigned
,,,Unassigned
,,,Unassigned
,,,Rhizomicrobium
,,,Unassigned
,,,Paenibacillus
,,,Unassigned
,,,Planctomyces
,,,Lacibacter
,,,Unassigned
,,,Flavobacterium
,,,Unassigned
,,,Segetibacter
,,,Unassigned
,,,Chryseobacterium
,,,Unassigned
,,,Unassigned
,,,Unassigned
,,,Unassigned
,,,Candidatus_Alysiosphaera
,,,Sphingomonas
,,,Unassigned
,,,Unassigned
,,,Unassigned
,,,Unassigned
,,,Unassigned
,,,Unassigned
,,,Sphingomonas
,,,Dyadobacter
,,,Unassigned
,,,Flavitalea
,,,Unassigned
,,,Unassigned
,,,Unassigned
,,,Roseomonas
,,,Unassigned
,,,Unassigned
,,,Pseudomonas
,,,Pedobacter
,,,Hyphomicrobium
,,,Unassigned
,,,Illumatobacter
,,,Novosphingobium
,,,Unassigned
,,,Unassigned
,,,Planctomyces
,,,Phycicoccus
,,,Unassigned
,,,Unassigned
,,,Unassigned
,,,Unassigned
,,,Unassigned
,,,Unassigned
,,,Unassigned
,,,Unassigned
,,,Unassigned
,,,Unassigned
,,,Unassigned
,,,Legionella
,,,Unassigned
,,,Unassigned
,,,Unassigned
,,,Unassigned
,,,Unassigned
,,,Unassigned
,,,Unassigned
,,,Unassigned
,,,Unassigned
,,,Unassigned
,,,Unassigned
,,,Unassigned
,,,Unassigned
,,,Chthoniobacter
,,,Agaricicola
,,,Corallococcus
,,,Adhaeribacter
,,,Unassigned
,,,Unassigned
,,,Pir4_lineage
,,,Unassigned
,,,Unassigned
,,,Unassigned
,,,Lysobacter
,,,Unassigned
,,,Unassigned
,,,Unassigned
,,,Roseomonas
,,,Unassigned
,,,Unassigned
,,,Unassigned
,,,Nitrosomonas
,,,Unassigned
,,,Unassigned
,,,Unassigned
,,,Unassigned
,,,Unassigned
,,,Gemmatimonas
,,,Unassigned
,,,Unassigned
,,,Unassigned
,,,Unassigned
,,,Nocardioides
,,,Peredibacter
,,,Unassigned
,,,Unassigned
,,,Flavobacterium
,,,Cryobacterium
,,,Unassigned
,,,Unassigned
,,,Unassigned
,,,Unassigned
,,,Pirellula
,,,Solirubrobacter
,,,Unassigned
,,,Unassigned
,,,Unassigned
,,,Unassigned
,,,Unassigned
,,,Unassigned
,,,Unassigned
,,,Novosphingobium
,,,Unassigned
,,,Unassigned
,,,Unassigned
,,,Variibacter
,,,Phenylobacterium
,,,Unassigned
,,,Unassigned
,,,Unassigned
,,,Unassigned
,,,Pedomicrobium
,,,Unassigned
,,,Unassigned
,,,Unassigned
,,,Unassigned
,,,Unassigned
,,,Unassigned
,,,Unassigned
,,,Unassigned
,,,Unassigned
,,,Adhaeribacter
,,,Pseudospirillum
,,,Pir4_lineage
,,,Mycobacterium
,,,Litorilinea
,,,Ornithinicoccus
,,,Unassigned
,,,Unassigned
,,,Methylobacillus
,,,Unassigned
,,,Unassigned
,,,Unassigned
,,,Chryseobacterium
,,,Agromyces
,,,Methylobacillus
,,,Unassigned
,,,Phenylobacterium
,,,Unassigned
,,,Unassigned
,,,Unassigned
,,,Unassigned
,,,Unassigned
,,,Nitrospira
,,,Unassigned
,,,Unassigned
,,,Gemmata
,,,Unassigned
,,,Planctomyces
,,,Unassigned
,,,Paucimonas
,,,Unassigned
,,,Unassigned
,,,Kaistia
,,,Conexibacter
,,,Arthrobacter
,,,Unassigned
,,,Unassigned
,,,Unassigned
,,,Unassigned
,,,Unassigned
,,,Chryseobacterium
,,,Unassigned
,,,Unassigned
,,,Unassigned
,,,Unassigned
,,,Micromonospora
,,,Unassigned
,,,Unassigned
,,,Pir4_lineage
,,,Unassigned
,,,Unassigned
,,,Candidatus_Methylacidiphilum
,,,Gemmatimonas
,,,Unassigned
,,,Rheinheimera
,,,Unassigned
,,,Fluviicola
,,,Unassigned
,,,Unassigned
,,,Unassigned
,,,Oscillochloris
,,,Unassigned
,,,Rubritepida
,,,Altererythrobacter
,,,Segetibacter
,,,Methylophaga
,,,Unassigned
,,,Unassigned
,,,Flavisolibacter
,,,Unassigned
,,,Unassigned
,,,Panacagrimonas
,,,Unassigned
,,,Unassigned
,,,Adhaeribacter
,,,Unassigned
,,,Nocardioides
,,,Unassigned
,,,Unassigned
,,,Unassigned
,,,Unassigned
,,,Unassigned
,,,Unassigned
,,,Sphingobium
,,,Novosphingobium
,,,Sphingomonas
,,,Unassigned
,,,Paucimonas
,,,Flavobacterium
,,,Haliangium
,,,Blastocatella
,,,Unassigned
,,,Unassigned
,,,Unassigned
,,,Peredibacter
,,,Unassigned
,,,Paenibacillus
,,,Unassigned
,,,Unassigned
,,,Sphingomonas
,,,Unassigned
,,,Unassigned
,,,Unassigned
,,,Unassigned
,,,Taibaiella
,,,Blastococcus
,,,Asticcacaulis
,,,Unassigned
,,,Unassigned
,,,Candidatus_Chloroploca
,,,Singulisphaera
,,,Unassigned
,,,Unassigned
,,,Unassigned
,,,Unassigned
,,,Planctomyces
,,,Reichenbachiella
,,,Haliangium
,,,Unassigned
,,,Unassigned
,,,Unassigned
,,,Unassigned
,,,Unassigned
,,,Unassigned
,,,Unassigned
,,,Unassigned
,,,Unassigned
,,,Pseudospirillum
,,,Aeromicrobium
,,,Unassigned
,,,Haloferula
,,,Sphingomonas
,,,Unassigned
,,,Unassigned
,,,Unassigned
,,,Skermanella
,,,Unassigned
,,,Pseudomonas
,,,Unassigned
,,,Opitutus
,,,Unassigned
,,,Unassigned
,,,Unassigned
,,,Unassigned
,,,Unassigned
,,,Planctomyces
,,,Opitutus
,,,Unassigned
,,,Unassigned
,,,Peredibacter
,,,Unassigned
,,,Amaricoccus
,,,Unassigned
,,,Unassigned
,,,Rubellimicrobium
,,,Pirellula
,,,Unassigned
,,,Ohtaekwangia
,,,Nocardioides
,,,Schlesneria
,,,Unassigned
,,,Rubellimicrobium
,,,Unassigned
,,,Lautropia
,,,Lentzea
,,,Blastocatella
,,,Unassigned
,,,Unassigned
,,,Unassigned
,,,Actinomycetospora
,,,Sphingomonas
,,,Sphingomonas
,,,Unassigned
,,,Unassigned
,,,Blastocatella
,,,Pseudomonas
,,,Unassigned
,,,Anaeromyxobacter
,,,Unassigned
,,,Geodermatophilus
,,,Filimonas
,,,Unassigned
,,,Unassigned
,,,Pseudomonas
,,,Pseudomonas
,,,Unassigned
,,,Unassigned
,,,Devosia
,,,Unassigned
,,,Iamia
,,,Ralstonia
,,,Unassigned
,,,Unassigned
,,,Unassigned
,,,Unassigned
,,,Rheinheimera
,,,Unassigned
,,,Unassigned
,,,Flavisolibacter
,,,Phaeodactylibacter
,,,Unassigned
,,,Unassigned
,,,Unassigned
,,,Unassigned
,,,Unassigned
,,,Unassigned
,,,Aquicella
,,,Polaromonas
,,,Unassigned
,,,Unassigned
,,,Unassigned
,,,Segetibacter
,,,Unassigned
,,,Unassigned
,,,Unassigned
,,,Unassigned
,,,Unassigned
,,,Unassigned
,,,Unassigned
,,,Unassigned
,,,Unassigned
,,,Unassigned
,,,Unassigned
,,,Haliangium
,,,Pedobacter
,,,Unassigned
,,,Unassigned
,,,Iamia
,,,Polycyclovorans
,,,Asticcacaulis
,,,Unassigned
,,,Flavisolibacter
,,,Unassigned
,,,CL500-29_marine_group
,,,Unassigned
,,,Oceanobacillus
,,,Unassigned
,,,Unassigned
,,,Adhaeribacter
,,,Unassigned
,,,Iamia
,,,Flavisolibacter
,,,Isosphaera
,,,Unassigned
,,,Unassigned
,,,Unassigned
,,,Unassigned
,,,Bdellovibrio
,,,Sphingorhabdus
,,,Unassigned
,,,Flavobacterium
,,,Unassigned
,,,Unassigned
,,,Solirubrobacter
,,,Unassigned
,,,Unassigned
,,,Unassigned
,,,Flavobacterium
,,,Unassigned
,,,Arthrobacter
,,,Unassigned
,,,Unassigned
,,,Parapedobacter
,,,Unassigned
,,,Unassigned
,,,Unassigned
,,,Unassigned
,,,Unassigned
,,,Pseudonocardia
,,,Unassigned
,,,Planctomyces
,,,Unassigned
,,,Streptomyces
,,,Unassigned
,,,Unassigned
,,,Unassigned
,,,Unassigned
,,,Unassigned
,,,Unassigned
,,,Unassigned
,,,Unassigned
,,,Opitutus
,,,Solirubrobacter
,,,Paenibacillus
,,,Unassigned
,,,Unassigned
,,,Unassigned
,,,Bacillus
,,,Unassigned
,,,Unassigned
,,,Unassigned
,,,Unassigned
,,,Unassigned
,,,Unassigned
,,,Unassigned
,,,Unassigned
,,,Unassigned
,,,Unassigned
,,,Unassigned
,,,Unassigned
,,,Woodsholea
,,,Pirellula
,,,Unassigned
,,,Opitutus
,,,Unassigned
,,,Unassigned
,,,Nocardioides
,,,Pedobacter
,,,Unassigned
,,,Unassigned
,,,Euzebya
,,,Unassigned
,,,Unassigned
,,,Unassigned
,,,Unassigned
,,,Unassigned
,,,Unassigned
,,,Unassigned
,,,Roseomonas
,,,Unassigned
,,,Unassigned
,,,Segetibacter
,,,Unassigned
,,,Unassigned
,,,Unassigned
,,,Candidatus_Alysiosphaera
,,,Unassigned
,,,Unassigned
,,,Unassigned
,,,Pseudonocardia
,,,Unassigned
,,,Unassigned
,,,Unassigned
,,,Unassigned
,,,Opitutus
,,,Microlunatus
,,,Unassigned
,,,Luteimonas
,,,Unassigned
,,,Mycobacterium
,,,Aquipuribacter
,,,Unassigned
,,,Unassigned
,,,Unassigned
,,,Unassigned
,,,Peredibacter
,,,Adhaeribacter
,,,Unassigned
,,,Candidatus_Nitrososphaera
,,,Mesorhizobium
,,,Unassigned
,,,Adhaeribacter
,,,Unassigned
,,,Unassigned
,,,Belnapia
,,,Flavobacterium
,,,Unassigned
,,,Unassigned
,,,Unassigned
,,,Planctomyces
,,,Unassigned
,,,Unassigned
,,,Unassigned
,,,Flavisolibacter
,,,Pir4_lineage
,,,Flavitalea
,,,Unassigned
,,,Chryseobacterium
,,,Unassigned
,,,Ferruginibacter
,,,Moheibacter
,,,Unassigned
,,,Paenibacillus
,,,Unassigned
,,,Pseudomonas
,,,Unassigned
,,,Isosphaera
,,,Nannocystis
,,,Unassigned
,,,Unassigned
,,,Unassigned
,,,Haliangium
,,,Pir4_lineage
,,,Unassigned
,,,Reyranella
,,,Myxococcus
,,,Unassigned
,,,Haliangium
,,,Unassigned
,,,Unassigned
,,,Unassigned
,,,Nordella
,,,Nibribacter
,,,Unassigned
,,,Unassigned
,,,Unassigned
,,,Unassigned
,,,Pirellula
,,,Hyphomicrobium
,,,Unassigned
,,,Unassigned
,,,Polycyclovorans
,,,Unassigned
,,,Unassigned
,,,Unassigned
,,,Unassigned
,,,Bdellovibrio
,,,Acidibacter
,,,Herpetosiphon
,,,Unassigned
,,,Unassigned
,,,Nocardioides
,,,Kaistia
,,,Unassigned
,,,Unassigned
,,,Unassigned
,,,Unassigned
,,,Candidatus_Planktophila
,,,Unassigned
,,,Unassigned
,,,Unassigned
,,,Deinococcus
,,,Chthoniobacter
,,,Rubritepida
,,,Paenibacillus
,,,Unassigned
,,,Unassigned
,,,Asticcacaulis
,,,Friedmanniella
,,,Sphingomonas
,,,Unassigned
,,,Sphingomonas
,,,Unassigned
,,,Nibribacter
,,,Gemmata
,,,Hymenobacter
,,,Blastocatella
,,,Unassigned
,,,Unassigned
,,,Unassigned
,,,Peredibacter
,,,Unassigned
,,,Unassigned
,,,Prosthecobacter
,,,Haliangium
,,,Rubellimicrobium
,,,Unassigned
,,,Unassigned
,,,Unassigned
,,,Unassigned
,,,Unassigned
,,,Variibacter
,,,Unassigned
,,,Unassigned
,,,Unassigned
,,,Unassigned
,,,Unassigned
,,,Devosia
,,,Haliangium
,,,Herpetosiphon
,,,Unassigned
,,,Spirilliplanes
,,,Novosphingobium
,,,Unassigned
,,,Unassigned
,,,OM27_clade
,,,Pirellula
,,,Unassigned
,,,Unassigned
,,,Prosthecobacter
,,,Unassigned
,,,Candidatus_Nitrosoarchaeum
,,,Unassigned
,,,Unassigned
,,,Unassigned
,,,Falsirhodobacter
,,,Unassigned
,,,Unassigned
,,,Reyranella
,,,Unassigned
,,,Massilia
,,,Adhaeribacter
,,,Reyranella
,,,Unassigned
,,,Unassigned
,,,Unassigned
,,,Unassigned
,,,Terrimonas
,,,Unassigned
,,,Unassigned
,,,Vitellibacter
,,,Sphingomonas
,,,Planctomyces
,,,Nocardioides
,,,Pir4_lineage
,,,Sporocytophaga
,,,Unassigned
,,,Nitrospira
,,,Unassigned
,,,Geminicoccus
,,,Flavisolibacter
,,,Blastocatella
,,,Cellvibrio
,,,Unassigned
,,,Nitrosomonas
,,,Unassigned
,,,Unassigned
,,,Unassigned
,,,Unassigned
,,,Saccharibacillus
,,,Patulibacter
,,,Pseudomonas
,,,Unassigned
,,,Unassigned
,,,Unassigned
,,,Unassigned
,,,Unassigned
,,,Unassigned
,,,Unassigned
,,,Unassigned
,,,Dyadobacter
,,,Unassigned
,,,Unassigned
,,,Unassigned
,,,Unassigned
,,,Unassigned
,,,Unassigned
,,,Unassigned
,,,Pseudomonas
,,,Actinomycetospora
,,,Unassigned
,,,Nitrosomonas
,,,Staphylococcus
,,,Arthrobacter
,,,Unassigned
,,,Unassigned
,,,Shinella
,,,Pir4_lineage
,,,Pseudomonas
,,,Nitrolancea
,,,Paenibacillus
,,,Unassigned
,,,Unassigned
,,,Unassigned
,,,Unassigned
,,,Unassigned
,,,Unassigned
,,,Unassigned
,,,Unassigned
,,,Methylobacillus
,,,Unassigned
,,,Unassigned
,,,Unassigned
,,,Blastopirellula
,,,Bryobacter
,,,Rubrivirga
,,,Unassigned
,,,Unassigned
,,,Unassigned
,,,Unassigned
,,,Woodsholea
,,,Polycyclovorans
,,,Muricoccus
,,,Illumatobacter
,,,Unassigned
,,,Litorilinea
,,,Sphingomonas
,,,Unassigned
,,,Unassigned
,,,Roseomonas
,,,Unassigned
,,,Unassigned
,,,Unassigned
,,,Unassigned
,,,Unassigned
,,,Unassigned
,,,Polynucleobacter
,,,Unassigned
,,,Unassigned
,,,Unassigned
,,,Unassigned
,,,Altererythrobacter
,,,Oscillochloris
,,,Pirellula
,,,Segetibacter
,,,Unassigned
,,,Unassigned
,,,Unassigned
,,,Unassigned
,,,Paenibacillus
,,,Friedmanniella
,,,Unassigned
,,,Brochothrix
,,,Unassigned
,,,Unassigned
,,,Unassigned
,,,Unassigned
,,,Iamia
,,,Unassigned
,,,Planctomyces
,,,Pseudomonas
,,,Flavobacterium
,,,Streptomyces
,,,Planctomyces
,,,Opitutus
,,,Chryseobacterium
,,,Marmoricola
,,,Unassigned
,,,Unassigned
,,,Unassigned
,,,Unassigned
,,,Unassigned
,,,Unassigned
,,,Planctomyces
,,,Flavobacterium
,,,Unassigned
,,,Unassigned
,,,Unassigned
,,,Unassigned
,,,Unassigned
,,,Erythrobacter
,,,Unassigned
,,,Unassigned
,,,Pedobacter
,,,Unassigned
,,,Unassigned
,,,Unassigned
,,,Unassigned
,,,Flavobacterium
,,,Unassigned
,,,Unassigned
,,,Taibaiella
,,,Unassigned
,,,Bacillus
,,,Rhodopirellula
,,,Planctomyces
,,,Unassigned
,,,Unassigned
,,,Peredibacter
,,,Unassigned
,,,Unassigned
,,,Moraxella
,,,Unassigned
,,,Unassigned
,,,Unassigned
,,,Ohtaekwangia
,,,Unassigned
,,,Unassigned
,,,Haliangium
,,,Segetibacter
,,,Unassigned
,,,Unassigned
,,,Unassigned
,,,Larkinella
,,,Candidatus_Alysiosphaera
,,,Unassigned
,,,Unassigned
,,,Unassigned
,,,Unassigned
,,,Rhodocytophaga
,,,Solirubrobacter
,,,Unassigned
,,,Solirubrobacter
,,,Unassigned
,,,Unassigned
,,,Acidibacter
,,,Parapedobacter
,,,Unassigned
,,,Roseiflexus
,,,Sphingomonas
,,,Sphingomonas
,,,Gaiella
,,,Unassigned
,,,Sphingobacterium
,,,Unassigned
,,,Unassigned
,,,Planctomyces
,,,Unassigned
,,,Unassigned
,,,Unassigned
,,,Herpetosiphon
,,,Unassigned
,,,Unassigned
,,,Unassigned
,,,Unassigned
,,,Unassigned
,,,Sphingomonas
,,,Paenibacillus
,,,Mycobacterium
,,,Unassigned
,,,Unassigned
,,,Unassigned
,,,Bryobacter
,,,Unassigned
,,,Segetibacter
,,,Unassigned
,,,Unassigned
,,,Unassigned
,,,Unassigned
,,,Dyadobacter
,,,Planctomyces
,,,Legionella
,,,Novosphingobium
,,,Herpetosiphon
,,,Unassigned
,,,Sphingomonas
,,,Lysobacter
,,,Pedobacter
,,,Massilia
,,,Sphingomonas
,,,Lysobacter
,,,Unassigned
,,,Unassigned
,,,Unassigned
,,,Deinococcus
,,,Unassigned
,,,Unassigned
,,,Unassigned
,,,Adhaeribacter
,,,Unassigned
,,,Unassigned
,,,Solirubrobacter
,,,Unassigned
,,,Nitrosomonas
,,,Unassigned
,,,Pseudoxanthomonas
,,,Leuconostoc
,,,Unassigned
,,,Luteolibacter
,,,Unassigned
,,,Solirubrobacter
,,,Variibacter
,,,Unassigned
,,,Unassigned
,,,Unassigned
,,,Pirellula
,,,Labrys
,,,Bdellovibrio
,,,Unassigned
,,,Novosphingobium
,,,Gemmata
,,,Unassigned
,,,Unassigned
,,,Dokdonella
,,,Albidiferax
,,,Planctomyces
,,,Unassigned
,,,Candidatus_Alysiosphaera
,,,Unassigned
,,,Unassigned
,,,Unassigned
,,,Unassigned
,,,Unassigned
,,,Unassigned
,,,Gaiella
,,,Unassigned
,,,Unassigned
,,,Unassigned
,,,Erythrobacter
,,,Caulobacter
,,,Aeromonas
,,,Unassigned
,,,Fluviicola
,,,Unassigned
,,,Unassigned
,,,Unassigned
,,,Rhodococcus
,,,Altererythrobacter
,,,Sorangium
,,,Unassigned
,,,Unassigned
,,,Unassigned
,,,Bdellovibrio
,,,Cellvibrio
,,,Unassigned
,,,Unassigned
,,,Unassigned
,,,Novosphingobium
,,,Unassigned
,,,CL500-29_marine_group
,,,Unassigned
,,,Unassigned
,,,Nibribacter
,,,Salinimicrobium
,,,Unassigned
,,,Modestobacter
,,,Paenibacillus
,,,Unassigned
,,,Unassigned
,,,Chitinophaga
,,,Unassigned
,,,Unassigned
,,,Stenotrophomonas
,,,Unassigned
,,,Unassigned
,,,Achromobacter
,,,Sphingobium
,,,Unassigned
,,,Unassigned
,,,Opitutus
,,,Unassigned
,,,Unassigned
,,,Unassigned
,,,Unassigned
,,,Unassigned
,,,Unassigned
,,,Unassigned
,,,Planctomyces
,,,Pseudonocardia
,,,Unassigned
,,,Unassigned
,,,Unassigned
,,,Unassigned
,,,Opitutus
,,,Haliangium
,,,Unassigned
,,,Isosphaera
,,,Unassigned
,,,Unassigned
,,,Unassigned
,,,Unassigned
,,,Unassigned
,,,Unassigned
,,,Unassigned
,,,Unassigned
,,,Cellvibrio
,,,Novosphingobium
,,,Unassigned
,,,Erythrobacter
,,,Adhaeribacter
,,,Unassigned
,,,Unassigned
,,,Taibaiella
,,,Unassigned
,,,Unassigned
,,,Polycyclovorans
,,,Unassigned
,,,Unassigned
,,,Unassigned
,,,Unassigned
,,,Parapedobacter
,,,Unassigned
,,,Unassigned
,,,Herpetosiphon
,,,Unassigned
,,,Solirubrobacter
,,,Rhizocola
,,,Unassigned
,,,hgcI_clade
,,,Haliangium
,,,Flavisolibacter
,,,Unassigned
,,,Candidatus_Protochlamydia
,,,Unassigned
,,,Bdellovibrio
,,,CL500-29_marine_group
,,,Unassigned
,,,Sporichthya
,,,Unassigned
,,,Unassigned
,,,Unassigned
,,,Pirellula
,,,Unassigned
,,,Unassigned
,,,Unassigned
,,,Unassigned
,,,CL500-29_marine_group
,,,Dyadobacter
,,,Unassigned
,,,Unassigned
,,,Unassigned
,,,Rhizobium
,,,Unassigned
,,,Verrucomicrobium
,,,Unassigned
,,,Unassigned
,,,Ohtaekwangia
,,,Unassigned
,,,Unassigned
,,,Unassigned
,,,Unassigned
,,,Devosia
,,,Sphingomonas
,,,Variibacter
,,,Unassigned
,,,Unassigned
,,,Unassigned
,,,Bdellovibrio
,,,Unassigned
,,,Unassigned
,,,Opitutus
,,,Unassigned
,,,Pelomonas
,,,Unassigned
,,,Cupriavidus
,,,Unassigned
,,,Unassigned
,,,Unassigned
,,,Unassigned
,,,Mycobacterium
,,,Terrimonas
,,,Pseudomonas
,,,Unassigned
,,,Unassigned
,,,Solirubrobacter
,,,Unassigned
,,,Unassigned
,,,Unassigned
,,,Unassigned
,,,Unassigned
,,,Unassigned
,,,Unassigned
,,,Unassigned
,,,Unassigned
,,,Unassigned
,,,Unassigned
,,,Unassigned
,,,Unassigned
,,,Unassigned
,,,Unassigned
,,,Unassigned
,,,Herpetosiphon
,,,Unassigned
,,,Unassigned
,,,Unassigned
,,,Euzebya
,,,Unassigned
,,,Unassigned
,,,Pseudospirillum
,,,Lysobacter
,,,Unassigned
,,,Polycyclovorans
,,,Unassigned
,,,GKS98_freshwater_group
,,,Unassigned
,,,Unassigned
,,,Unassigned
,,,Unassigned
,,,Unassigned
,,,Isosphaera
,,,Planctomyces
,,,Unassigned
,,,Unassigned
,,,Unassigned
,,,Unassigned
,,,Unassigned
,,,Unassigned
,,,Pedomicrobium
,,,Unassigned
,,,Unassigned
,,,Nakamurella
,,,Flavisolibacter
,,,Unassigned
,,,Euzebya
,,,Unassigned
,,,Segetibacter
,,,Unassigned
,,,Rubrivirga
,,,Unassigned
,,,Unassigned
,,,Unassigned
,,,Rufibacter
,,,Unassigned
,,,Unassigned
,,,Unassigned
,,,Planctomyces
,,,Unassigned
,,,Unassigned
,,,Novosphingobium
,,,I-8
,,,Unassigned
,,,Unassigned
,,,Unassigned
,,,Pedomicrobium
,,,Unassigned
,,,Blastocatella
,,,Unassigned
,,,Flavisolibacter
,,,Unassigned
,,,Unassigned
,,,Bdellovibrio
,,,Unassigned
,,,Unassigned
,,,Unassigned
,,,Unassigned
,,,Pseudonocardia
,,,Unassigned
,,,Unassigned
,,,Planctomyces
,,,CL500-29_marine_group
,,,Planctomyces
,,,Unassigned
,,,Euzebya
,,,Unassigned
,,,Unassigned
,,,Hydrotalea
,,,Unassigned
,,,Flavobacterium
,,,Unassigned
,,,Unassigned
,,,Planctomyces
,,,Unassigned
,,,Unassigned
,,,Unassigned
,,,Sphingomonas
,,,Singulisphaera
,,,Caulobacter
,,,Unassigned
,,,Unassigned
,,,Unassigned
,,,Defluviicoccus
,,,Azospirillum
,,,Sporichthya
,,,Herpetosiphon
,,,Bdellovibrio
,,,Pir4_lineage
,,,Unassigned
,,,Unassigned
,,,Unassigned
,,,Unassigned
,,,Pir4_lineage
,,,Unassigned
,,,Jatrophihabitans
,,,Unassigned
,,,Unassigned
,,,Unassigned
,,,Unassigned
,,,Unassigned
,,,Unassigned
,,,Unassigned
,,,Gaiella
,,,Unassigned
,,,Unassigned
,,,Unassigned
,,,Unassigned
,,,Unassigned
,,,Unassigned
,,,Unassigned
,,,Unassigned
,,,Nitrospira
,,,Unassigned
,,,Chthoniobacter
,,,Unassigned
,,,Unassigned
,,,Unassigned
,,,Unassigned
,,,Unassigned
,,,Pir4_lineage
,,,Unassigned
,,,Unassigned
,,,Unassigned
,,,Unassigned
,,,Unassigned
,,,Flavisolibacter
,,,Unassigned
,,,Hydrogenophaga
,,,Unassigned
,,,Unassigned
,,,Unassigned
,,,Unassigned
,,,Flavobacterium
,,,Unassigned
,,,Ornatilinea
,,,Unassigned
,,,Unassigned
,,,Unassigned
,,,Unassigned
,,,Caulobacter
,,,Unassigned
,,,Variovorax
,,,Siphonobacter
,,,Unassigned
,,,Sphingobium
,,,Unassigned
,,,Unassigned
,,,Unassigned
,,,Chthonomonas
,,,Unassigned
,,,Unassigned
,,,Paenibacillus
,,,Desemzia
,,,Unassigned
,,,Unassigned
,,,Nannocystis
,,,Pirellula
,,,Unassigned
,,,Luteimonas
,,,Legionella
,,,Sphingobium
,,,Gemmatimonas
,,,Unassigned
,,,Flavobacterium
,,,Hyphomicrobium
,,,Unassigned
,,,Unassigned
,,,Lautropia
,,,Unassigned
,,,Gemmata
,,,Defluviicoccus
,,,Haloferula
,,,Fluviicola
,,,Hymenobacter
,,,Unassigned
,,,Planctomyces
,,,Unassigned
,,,Unassigned
,,,Unassigned
,,,Unassigned
,,,Pontibacter
,,,Pseudomonas
,,,Unassigned
,,,Sphingobium
,,,Unassigned
,,,Pseudospirillum
,,,Chthoniobacter
,,,Deinococcus
,,,Chthoniobacter
,,,Unassigned
,,,Unassigned
,,,Unassigned
,,,Unassigned
,,,Unassigned
,,,Unassigned
,,,Unassigned
,,,Unassigned
,,,Unassigned
,,,Unassigned
,,,Sorangium
,,,Unassigned
,,,Unassigned
,,,Unassigned
,,,Planctomyces
,,,hgcI_clade
,,,Blastocatella
,,,Litorilinea
,,,Unassigned
,,,Unassigned
,,,Unassigned
,,,Aquicella
,,,Unassigned
,,,Unassigned
,,,Opitutus
,,,Unassigned
,,,Unassigned
,,,Unassigned
,,,Novosphingobium
,,,Unassigned
,,,Unassigned
,,,Planctomyces
,,,Unassigned
,,,Gemmatimonas
,,,Unassigned
,,,Unassigned
,,,Unassigned
,,,Unassigned
,,,Fluviicola
,,,Unassigned
,,,Unassigned
,,,Unassigned
,,,Truepera
,,,Unassigned
,,,Sporocytophaga
,,,Unassigned
,,,Unassigned
,,,Unassigned
,,,Unassigned
,,,Segetibacter
,,,Agaricicola
,,,Unassigned
,,,Unassigned
,,,Planctomyces
,,,Unassigned
,,,Planctomyces
,,,Ralstonia
,,,Unassigned
,,,Unassigned
,,,Sphingopyxis
,,,Unassigned
,,,Rubellimicrobium
,,,Flavisolibacter
,,,Unassigned
,,,Rhodocytophaga
,,,Modestobacter
,,,Unassigned
,,,Pir4_lineage
,,,Nocardioides
,,,Unassigned
,,,Unassigned
,,,Acidibacter
,,,Sphingomonas
,,,Massilia
,,,Unassigned
,,,Unassigned
,,,Unassigned
,,,Unassigned
,,,Unassigned
,,,Niastella
,,,Unassigned
,,,Unassigned
,,,Unassigned
,,,Unassigned
,,,Unassigned
,,,Unassigned
,,,Unassigned
,,,Unassigned
,,,Planctomyces
,,,Haliangium
,,,Steroidobacter
,,,Unassigned
,,,Unassigned
,,,Unassigned
,,,Hymenobacter
,,,Unassigned
,,,Roseomonas
,,,Flavobacterium
,,,Unassigned
,,,Unassigned
,,,Segetibacter
,,,Unassigned
,,,Unassigned
,,,Limnobacter
,,,Unassigned
,,,Unassigned
,,,Bdellovibrio
,,,Unassigned
,,,Unassigned
,,,Planctomyces
,,,Arcobacter
,,,Unassigned
,,,Unassigned
,,,Unassigned
,,,Unassigned
,,,Unassigned
,,,Ohtaekwangia
,,,Unassigned
,,,Nitrosospira
,,,Unassigned
,,,Pirellula
,,,Unassigned
,,,Prosthecobacter
,,,Unassigned
,,,Unassigned
,,,Unassigned
,,,Unassigned
,,,Haliangium
,,,Pirellula
,,,Unassigned
,,,Unassigned
,,,Unassigned
,,,Flavobacterium
,,,Unassigned
,,,Sphingobium
,,,Unassigned
,,,Unassigned
,,,Unassigned
,,,Unassigned
,,,Unassigned
,,,Unassigned
,,,Unassigned
,,,Sphingobacterium
,,,Unassigned
,,,Unassigned
,,,Unassigned
,,,Unassigned
,,,Unassigned
,,,Unassigned
,,,Unassigned
,,,Opitutus
,,,Lysobacter
,,,Unassigned
,,,Unassigned
,,,Adhaeribacter
,,,Nocardioides
,,,Unassigned
,,,Unassigned
,,,Unassigned
,,,Unassigned
,,,Chthoniobacter
,,,Streptomyces
,,,Unassigned
,,,Unassigned
,,,Unassigned
,,,Unassigned
,,,Polycyclovorans
,,,Caulobacter
,,,Alkanindiges
,,,Unassigned
,,,Unassigned
,,,Unassigned
,,,Unassigned
,,,Dyadobacter
,,,Flavisolibacter
,,,Unassigned
,,,Blastococcus
,,,Unassigned
,,,Simiduia
,,,Unassigned
,,,Unassigned
,,,Unassigned
,,,Unassigned
,,,Unassigned
,,,Unassigned
,,,Pirellula
,,,Unassigned
,,,Unassigned
,,,Candidatus_Nitrososphaera
,,,Opitutus
,,,CL500-29_marine_group
,,,Unassigned
,,,Unassigned
,,,Candidatus_Limnoluna
,,,Flavobacterium
,,,Unassigned
,,,Unassigned
,,,Unassigned
,,,Unassigned
,,,Peredibacter
,,,Reyranella
,,,Unassigned
,,,Unassigned
,,,Unassigned
,,,Opitutus
,,,Unassigned
,,,Unassigned
,,,Blastocatella
,,,Unassigned
,,,Gemmata
,,,Unassigned
,,,Unassigned
,,,Unassigned
,,,Unassigned
,,,Arcobacter
,,,Unassigned
,,,Geminicoccus
,,,Aquabacterium
,,,Unassigned
,,,Unassigned
,,,Fluviicola
,,,Unassigned
,,,Unassigned
,,,Roseimicrobium
,,,Prosthecobacter
,,,Nitrospira
,,,Fluviicola
,,,Unassigned
,,,Sphingomonas
,,,Unassigned
,,,Polynucleobacter
,,,Unassigned
,,,Unassigned
,,,Unassigned
,,,Opitutus
,,,Pedobacter
,,,Unassigned
,,,Rhodopirellula
,,,Pirellula
,,,Shimazuella
,,,Hydrotalea
,,,Parapedobacter
,,,Unassigned
,,,Planctomyces
,,,Unassigned
,,,Agaricicola
,,,Unassigned
,,,Psychrobacter
,,,Unassigned
,,,Paenibacillus
,,,Geminicoccus
,,,Unassigned
,,,Unassigned
,,,Nocardioides
,,,Unassigned
,,,Bryobacter
,,,Unassigned
,,,Halomonas
,,,Unassigned
,,,Unassigned
,,,Bdellovibrio
,,,Nitrospira
,,,Unassigned
,,,Unassigned
,,,Unassigned
,,,Planctomyces
,,,Unassigned
,,,Unassigned
,,,Unassigned
,,,Unassigned
,,,Unassigned
,,,Candidatus_Entotheonella
,,,Litorilinea
,,,Unassigned
,,,Unassigned
,,,Rhodobacter
,,,Planctomyces
,,,Phaeodactylibacter
,,,Asteroleplasma
,,,Unassigned
,,,Unassigned
,,,Nordella
,,,Unassigned
,,,Unassigned
,,,Unassigned
,,,Unassigned
,,,Lysobacter
,,,Planctomyces
,,,Paenibacillus
,,,Arenimonas
,,,Unassigned
,,,Unassigned
,,,Unassigned
,,,Unassigned
,,,Unassigned
,,,Bdellovibrio
,,,Thalassospira
,,,Unassigned
,,,Unassigned
,,,OM27_clade
,,,Iamia
,,,Planctomyces
,,,Unassigned
,,,Unassigned
,,,I-8
,,,Unassigned
,,,Unassigned
,,,Planctomyces
,,,Unassigned
,,,Unassigned
,,,Unassigned
,,,Unassigned
,,,Unassigned
,,,Unassigned
,,,Parapedobacter
,,,Iamia
,,,Unassigned
,,,Unassigned
,,,Unassigned
,,,Unassigned
,,,Chthoniobacter
,,,Flavobacterium
,,,Unassigned
,,,Opitutus
,,,Unassigned
,,,Unassigned
,,,Unassigned
,,,Unassigned
,,,Unassigned
,,,Unassigned
,,,Unassigned
,,,Iamia
,,,Moheibacter
,,,Unassigned
,,,Unassigned
,,,Bdellovibrio
,,,Luteolibacter
,,,Phormidium
,,,Unassigned
,,,Unassigned
,,,Unassigned
,,,Unassigned
,,,Planctomyces
,,,Haliangium
,,,Unassigned
,,,Unassigned
,,,Unassigned
,,,Candidatus_Entotheonella
,,,Unassigned
,,,Unassigned
,,,Bdellovibrio
,,,Unassigned
,,,Unassigned
,,,Gaiella
,,,Pseudospirillum
,,,Unassigned
,,,Unassigned
,,,Polycyclovorans
,,,Unassigned
,,,Unassigned
,,,Unassigned
,,,Unassigned
,,,Unassigned
,,,Opitutus
,,,Nocardioides
,,,Sporichthya
,,,Chthoniobacter
,,,Unassigned
,,,Unassigned
,,,Acinetobacter
,,,Illumatobacter
,,,Unassigned
,,,Unassigned
,,,I-8
,,,Unassigned
,,,Unassigned
,,,Unassigned
,,,Unassigned
,,,CL500-29_marine_group
,,,Unassigned
,,,Unassigned
,,,Unassigned
,,,Segetibacter
,,,Unassigned
,,,Unassigned
,,,Unassigned
,,,Unassigned
,,,Unassigned
,,,Unassigned
,,,Unassigned
,,,Unassigned
,,,Blastocatella
,,,Unassigned
,,,Azospirillum
,,,Unassigned
,,,Unassigned
,,,Unassigned
,,,Unassigned
,,,Labrys
,,,Unassigned
,,,Chthoniobacter
,,,Candidatus_Alysiosphaera
,,,Unassigned
,,,Unassigned
,,,Unassigned
,,,Unassigned
,,,Acidothermus
,,,Arcticibacter
,,,Unassigned
,,,Unassigned
,,,Unassigned
,,,Unassigned
,,,Unassigned
,,,Phenylobacterium
,,,Unassigned
,,,Unassigned
,,,Unassigned
,,,Aquicella
,,,Unassigned
,,,Unassigned
,,,Pirellula
,,,Unassigned
,,,Unassigned
,,,Unassigned
,,,Unassigned
,,,Planctomyces
,,,Bdellovibrio
,,,Sphingomonas
,,,Unassigned
,,,Unassigned
,,,SM1A02
,,,Unassigned
,,,Blastocatella
,,,Unassigned
,,,Intestinibacter
,,,Unassigned
,,,Sphingomonas
,,,Unassigned
,,,Unassigned
,,,Unassigned
,,,Unassigned
,,,Unassigned
,,,Herpetosiphon
,,,Microcystis
,,,Paenibacillus
,,,Unassigned
,,,Dyadobacter
,,,Unassigned
,,,Fontimonas
,,,Unassigned
,,,Pir4_lineage
,,,Brevundimonas
,,,Blastocatella
,,,Unassigned
,,,Unassigned
,,,Unassigned
,,,Unassigned
,,,Polycyclovorans
,,,Bauldia
,,,Chlorochromatium
,,,Unassigned
,,,Unassigned
,,,Unassigned
,,,Unassigned
,,,Iamia
,,,Unassigned
,,,Roseiflexus
,,,Haliangium
,,,Unassigned
,,,Unassigned
,,,Unassigned
,,,Unassigned
,,,Iamia
,,,Unassigned
,,,Rhodococcus
,,,Unassigned
,,,Rhodopirellula
,,,Unassigned
,,,Pseudomonas
,,,Phenylobacterium
,,,Unassigned
,,,Agaricicola
,,,Unassigned
,,,Unassigned
,,,Unassigned
,,,Candidatus_Solibacter
,,,Stenotrophomonas
,,,Mycobacterium
,,,Unassigned
,,,Unassigned
,,,Flavisolibacter
,,,Unassigned
,,,Unassigned
,,,Unassigned
,,,Pseudomonas
,,,Paenibacillus
,,,Blastopirellula
,,,Oligoflexus
,,,Unassigned
,,,Roseiflexus
,,,Planctomyces
,,,Moheibacter
,,,Unassigned
,,,Unassigned
,,,Unassigned
,,,Myxococcales_bacterium_Gsoil_473
,,,Unassigned
,,,Fluviicola
,,,Saccharibacillus
,,,Unassigned
,,,Unassigned
,,,Unassigned
,,,Unassigned
,,,Paenibacillus
,,,Planctomyces
,,,Pirellula
,,,SM1A02
,,,Unassigned
,,,Unassigned
,,,Unassigned
,,,Bryobacter
,,,Solitalea
,,,Unassigned
,,,Unassigned
,,,Unassigned
,,,Unassigned
,,,Unassigned
,,,Unassigned
,,,Unassigned
,,,Unassigned
,,,Unassigned
,,,Unassigned
,,,Unassigned
,,,Unassigned
,,,Unassigned
,,,Unassigned
,,,Rubellimicrobium
,,,Phenylobacterium
,,,Unassigned
,,,Oligoflexus
,,,Unassigned
,,,Blastocatella
,,,Unassigned
,,,Sanguibacter
,,,Unassigned
,,,Nannocystis
,,,Unassigned
,,,Unassigned
,,,I-8
,,,Solirubrobacter
,,,Rubellimicrobium
,,,Unassigned
,,,Unassigned
,,,Unassigned
,,,Unassigned
,,,Pedomicrobium
,,,Bdellovibrio
,,,Unassigned
,,,Unassigned
,,,Pirellula
,,,Unassigned
,,,Unassigned
,,,Pirellula
,,,Fontimonas
,,,Unassigned
,,,Unassigned
,,,Unassigned
,,,Unassigned
,,,Unassigned
,,,Unassigned
,,,Unassigned
,,,Unassigned
,,,Unassigned
,,,Unassigned
,,,Unassigned
,,,Unassigned
,,,Kineococcus
,,,Unassigned
,,,Nitrobacter
,,,Blastopirellula
,,,Rubellimicrobium
,,,Pelagibacterium
,,,Unassigned
,,,Anaeromyxobacter
,,,Gemmatimonas
,,,Unassigned
,,,Sphingosinicella
,,,Unassigned
,,,Unassigned
,,,Unassigned
,,,Candidatus_Entotheonella
,,,Unassigned
,,,Unassigned
,,,Candidatus_Entotheonella
,,,Erythrobacter
,,,Unassigned
,,,Pirellula
,,,Unassigned
,,,Unassigned
,,,Unassigned
,,,Unassigned
,,,Unassigned
,,,Sphingomonas
,,,hgcI_clade
,,,Unassigned
,,,Unassigned
,,,Unassigned
,,,Unassigned
,,,Unassigned
,,,Unassigned
,,,MWH-UniP1_aquatic_group
,,,Unassigned
,,,Unassigned
,,,Aliihoeflea
,,,Blastocatella
,,,Unassigned
,,,Unassigned
,,,Unassigned
,,,Unassigned
,,,Unassigned
,,,Methylobacterium
,,,Unassigned
,,,Unassigned
,,,Planctomyces
,,,Sediminibacterium
,,,Unassigned
,,,Unassigned
,,,Fluviicola
,,,Unassigned
,,,Unassigned
,,,Unassigned
,,,Opitutus
,,,Unassigned
,,,Rhodopirellula
,,,Unassigned
,,,Unassigned
,,,Rubrivirga
,,,Unassigned
,,,Unassigned
,,,Siphonobacter
,,,Marinoscillum
,,,Unassigned
,,,Unassigned
,,,Unassigned
,,,Unassigned
,,,Reyranella
,,,Unassigned
,,,Acidovorax
,,,Unassigned
,,,Phenylobacterium
,,,Unassigned
,,,Unassigned
,,,Fluviicola
,,,Unassigned
,,,Iamia
,,,Unassigned
,,,Unassigned
,,,Rheinheimera
,,,Unassigned
,,,Unassigned
,,,Flavisolibacter
,,,Unassigned
,,,Unassigned
,,,Unassigned
,,,Unassigned
,,,Reyranella
,,,Adhaeribacter
,,,Unassigned
,,,Unassigned
,,,Unassigned
,,,Unassigned
,,,Unassigned
,,,Agromyces
,,,Unassigned
,,,Unassigned
,,,Unassigned
,,,Unassigned
,,,Unassigned
,,,Unassigned
,,,Unassigned
,,,Rhodopirellula
,,,Unassigned
,,,Unassigned
,,,Unassigned
,,,Unassigned
,,,Unassigned
,,,Brevundimonas
,,,Oligoflexus
,,,Acidibacter
,,,Unassigned
,,,Unassigned
,,,Unassigned
,,,Unassigned
,,,Unassigned
,,,Unassigned
,,,Unassigned
,,,Unassigned
,,,Unassigned
,,,Planctomyces
,,,Bryobacter
,,,Rubellimicrobium
,,,Nitrospira
,,,Unassigned
,,,Unassigned
,,,Unassigned
,,,Cellvibrio
,,,Unassigned
,,,Unassigned
,,,Unassigned
,,,Unassigned
,,,AKYG587
,,,Unassigned
,,,Unassigned
,,,Unassigned
,,,Unassigned
,,,Sorangium
,,,Unassigned
,,,Unassigned
,,,Unassigned
,,,Unassigned
,,,Unassigned
,,,Unassigned
,,,Unassigned
,,,Unassigned
,,,Peredibacter
,,,Unassigned
,,,Rubellimicrobium
,,,Unassigned
,,,Unassigned
,,,Unassigned
,,,Polycyclovorans
,,,Unassigned
,,,Unassigned
,,,Unassigned
,,,Pirellula
,,,Unassigned
,,,Flavobacterium
,,,Nocardioides
,,,Sphingorhabdus
,,,Unassigned
,,,Unassigned
,,,Unassigned
,,,Unassigned
,,,Unassigned
,,,SM1A02
,,,Unassigned
,,,Unassigned
,,,Blastocatella
,,,Unassigned
,,,Planctomyces
,,,Unassigned
,,,Blastocatella
,,,Unassigned
,,,Solirubrobacter
,,,Unassigned
,,,Unassigned
,,,Unassigned
,,,Unassigned
,,,Unassigned
,,,Unassigned
,,,Singulisphaera
,,,Unassigned
,,,Unassigned
,,,Unassigned
,,,Unassigned
,,,Segetibacter
,,,Olivibacter
,,,Sandaracinus
,,,Unassigned
,,,Unassigned
,,,Microbacterium
,,,Unassigned
,,,Polycyclovorans
,,,Unassigned
,,,Unassigned
,,,Unassigned
,,,Haloferula
,,,Unassigned
,,,Unassigned
,,,Unassigned
,,,Unassigned
,,,Unassigned
,,,Bryobacter
,,,Unassigned
,,,Unassigned
,,,Unassigned
,,,Unassigned
,,,Unassigned
,,,Sphingobacterium
,,,Unassigned
,,,Unassigned
,,,Unassigned
,,,Unassigned
,,,Unassigned
,,,Unassigned
,,,Opitutus
,,,Planctomyces
,,,Gaiella
,,,Paenibacillus
,,,Unassigned
,,,Unassigned
,,,Unassigned
,,,Unassigned
,,,Haliangium
,,,Rhodocytophaga
,,,OM27_clade
,,,Unassigned
,,,Unassigned
,,,Unassigned
,,,Unassigned
,,,Unassigned
,,,Unassigned
,,,Unassigned
,,,Unassigned
,,,Rhizobium
,,,Peredibacter
,,,Pseudospirillum
,,,Unassigned
,,,Skermanella
,,,Geodermatophilus
,,,Planctomyces
,,,Unassigned
,,,Unassigned
,,,Flavobacterium
,,,Unassigned
,,,Nannocystis
,,,Unassigned
,,,Pelagibacterium
,,,Lysinibacillus
,,,Unassigned
,,,Nitrosomonas
,,,Nordella
,,,Unassigned
,,,Unassigned
,,,Unassigned
,,,Unassigned
,,,Unassigned
,,,AKYG587
,,,Unassigned
,,,Unassigned
,,,Methylobacterium
,,,Unassigned
,,,Unassigned
,,,Unassigned
,,,Unassigned
,,,Pirellula
,,,Unassigned
,,,Hymenobacter
,,,Blastocatella
,,,Unassigned
,,,Unassigned
,,,Deinococcus
,,,Mucilaginibacter
,,,Simiduia
,,,Woodsholea
,,,Unassigned
,,,Candidatus_Rhabdochlamydia
,,,Unassigned
,,,Unassigned
,,,Unassigned
,,,Deinococcus
,,,Bryobacter
,,,Pirellula
,,,Unassigned
,,,Unassigned
,,,Unassigned
,,,Aeromonas
,,,Phaeodactylibacter
,,,Unassigned
,,,Unassigned
,,,Unassigned
,,,Unassigned
,,,Unassigned
,,,Unassigned
,,,Unassigned
,,,Unassigned
,,,Unassigned
,,,Snowella
,,,Unassigned
,,,Unassigned
,,,Chthoniobacter
,,,Unassigned
,,,Haliangium
,,,Unassigned
,,,Unassigned
,,,Unassigned
,,,Chthoniobacter
,,,Unassigned
,,,Unassigned
,,,Sporichthya
,,,Unassigned
,,,Unassigned
,,,Novosphingobium
,,,Unassigned
,,,Opitutus
,,,Unassigned
,,,Erythrobacter
,,,SM1A02
,,,Sphingomonas
,,,Unassigned
,,,Unassigned
,,,Unassigned
,,,Deinococcus
,,,Unassigned
,,,Rubellimicrobium
,,,Ohtaekwangia
,,,Unassigned
,,,Unassigned
,,,Terribacillus
,,,Planctomyces
,,,Unassigned
,,,Fluviicola
,,,Unassigned
,,,Litorilinea
,,,Unassigned
,,,Unassigned
,,,Unassigned
,,,Candidatus_Protochlamydia
,,,Unassigned
,,,Unassigned
,,,possible_genus_04
,,,Unassigned
,,,Unassigned
,,,Flavobacterium
,,,Unassigned
,,,Steroidobacter
,,,Pseudomonas
,,,Pirellula
,,,Nocardioides
,,,Nitrosomonas
,,,Unassigned
,,,Unassigned
,,,Unassigned
,,,Unassigned
,,,Planctomyces
,,,Unassigned
,,,Unassigned
,,,Unassigned
,,,Unassigned
,,,Unassigned
,,,Bdellovibrio
,,,Unassigned
,,,Unassigned
,,,Unassigned
,,,Bdellovibrio
,,,Unassigned
,,,Unassigned
,,,Bdellovibrio
,,,Prosthecobacter
,,,MWH-UniP1_aquatic_group
,,,Unassigned
,,,Pirellula
,,,Unassigned
,,,Unassigned
,,,Unassigned
,,,Unassigned
,,,Luteimonas
,,,Unassigned
,,,Unassigned
,,,Phormidium
,,,Bdellovibrio
,,,Unassigned
,,,Unassigned
,,,Unassigned
,,,Unassigned
,,,Peredibacter
,,,Unassigned
,,,Unassigned
,,,Unassigned
,,,Unassigned
,,,Planctomyces
,,,Unassigned
,,,Unassigned
,,,Unassigned
,,,Unassigned
,,,Unassigned
,,,Unassigned
,,,Unassigned
,,,Unassigned
,,,Iamia
,,,Deinococcus
,,,Pseudarcicella
,,,Unassigned
,,,Unassigned
,,,Unassigned
,,,Unassigned
,,,Unassigned
,,,Solirubrobacter
,,,Unassigned
,,,Paenibacillus
,,,Smaragdicoccus
,,,Unassigned
,,,Unassigned
,,,Unassigned
,,,Legionella
,,,Unassigned
,,,Unassigned
,,,Unassigned
,,,Pirellula
,,,Unassigned
,,,Unassigned
,,,Unassigned
,,,Peredibacter
,,,Unassigned
,,,Unassigned
,,,Unassigned
,,,Unassigned
,,,Unassigned
,,,Coxiella
,,,Unassigned
,,,Unassigned
,,,Unassigned
,,,Unassigned
,,,Unassigned
,,,Unassigned
,,,Unassigned
,,,Unassigned
,,,Synechococcus
,,,Unassigned
,,,Polycyclovorans
,,,Planctomyces
,,,Unassigned
,,,Unassigned
,,,Unassigned
,,,Unassigned
,,,Pir4_lineage
,,,Unassigned
,,,Iamia
,,,Unassigned
,,,Unassigned
,,,Unassigned
,,,Unassigned
,,,Unassigned
,,,Unassigned
,,,Unassigned
,,,Unassigned
,,,Unassigned
,,,Unassigned
,,,Unassigned
,,,Unassigned
,,,Planctomyces
,,,Unassigned
,,,Unassigned
,,,Brachybacterium
,,,Unassigned
,,,Unassigned
,,,Pirellula
,,,Unassigned
,,,Unassigned
,,,Unassigned
,,,Unassigned
,,,Blastocatella
,,,Unassigned
,,,Unassigned
,,,Unassigned
,,,Unassigned
,,,Unassigned
,,,Unassigned
,,,Candidatus_Alysiosphaera
,,,Unassigned
,,,Unassigned
,,,Unassigned
,,,Opitutus
,,,Legionella
,,,Unassigned
,,,Nitrospira
,,,Unassigned
,,,Unassigned
,,,Gemmatimonas
,,,Asteroleplasma
,,,Peredibacter
,,,Unassigned
,,,Unassigned
,,,Unassigned
,,,Unassigned
,,,Chthoniobacter
,,,Unassigned
,,,Bdellovibrio
,,,Unassigned
,,,Chthoniobacter
,,,Unassigned
,,,Unassigned
,,,Unassigned
,,,Legionella
,,,Pirellula
,,,Unassigned
,,,Legionella
,,,Williamsia
,,,Unassigned
,,,Unassigned
,,,Unassigned
,,,Unassigned
,,,Unassigned
,,,Aquabacterium
