SSF,SST,SSP,SSF|SST,SSF|SSP,SST|SSP,SSF|SST|SSP
ASV959,ASV4415,ASV381,ASV325,ASV166,ASV198,ASV1
ASV1099,ASV4139,ASV774,ASV333,ASV343,ASV348,ASV2
ASV1162,ASV4049,ASV875,ASV362,ASV371,ASV3716,ASV3
ASV1086,ASV3134,ASV910,ASV416,ASV1492,ASV5825,ASV4
ASV1173,ASV4309,ASV1138,ASV394,ASV496,ASV1271,ASV5
ASV1192,ASV4613,ASV1431,ASV513,ASV518,ASV1031,ASV7
ASV1238,ASV4958,ASV1409,ASV514,ASV628,ASV1062,ASV6
ASV1278,ASV4448,ASV1256,ASV706,ASV599,ASV1490,ASV9
ASV1522,ASV5532,ASV1323,ASV631,ASV534,ASV1077,ASV10
ASV1670,ASV5213,ASV1952,ASV589,ASV577,ASV1646,ASV8
ASV1302,,ASV1943,ASV733,ASV538,ASV1401,ASV12
ASV1844,,ASV1831,ASV638,ASV659,ASV1325,ASV15
ASV1637,,ASV1579,ASV1852,ASV812,ASV1415,ASV11
ASV1648,,ASV1861,ASV856,ASV612,ASV1301,ASV16
ASV1932,,ASV1787,ASV873,ASV912,ASV2299,ASV14
ASV1687,,ASV1967,ASV832,ASV760,ASV4236,ASV17
ASV1942,,ASV2509,ASV763,ASV744,ASV1420,ASV13
ASV1782,,ASV2363,ASV771,ASV830,ASV1289,ASV18
ASV2045,,ASV1913,ASV897,ASV665,ASV1444,ASV19
ASV2133,,ASV2612,ASV918,ASV811,ASV1592,ASV22
ASV2630,,ASV2681,ASV938,ASV996,ASV1735,ASV21
ASV1854,,ASV2471,ASV699,ASV792,ASV1349,ASV20
ASV3036,,ASV2984,ASV990,ASV712,ASV1764,ASV23
ASV2739,,ASV2214,ASV1381,ASV2319,ASV2052,ASV27
ASV2296,,ASV2475,ASV917,ASV906,ASV2373,ASV25
ASV2157,,ASV2526,ASV970,ASV754,ASV4659,ASV26
ASV2408,,ASV2659,ASV1275,ASV876,ASV2756,ASV69
ASV5787,,ASV2664,ASV885,ASV839,ASV2584,ASV31
ASV3573,,ASV2764,ASV1124,ASV968,ASV5189,ASV24
ASV2286,,ASV2794,ASV1245,ASV895,ASV2441,ASV34
ASV2745,,ASV2580,ASV1136,ASV845,ASV2507,ASV35
ASV2554,,ASV2950,ASV1793,ASV903,ASV3374,ASV36
ASV2558,,ASV2420,ASV1229,ASV1226,ASV3125,ASV29
ASV3050,,ASV2588,ASV1360,ASV882,ASV3498,ASV28
ASV5303,,ASV2503,ASV1260,ASV847,ASV3249,ASV38
ASV4801,,ASV2846,ASV1267,ASV878,ASV2791,ASV33
ASV2458,,ASV3080,ASV1217,ASV1169,ASV5319,ASV32
ASV2682,,ASV3465,ASV1308,ASV842,ASV3441,ASV40
ASV3017,,ASV4086,ASV1641,ASV928,ASV3022,ASV30
ASV2501,,ASV2796,ASV1881,ASV1506,ASV3809,ASV42
ASV2382,,ASV4804,ASV1244,ASV1194,ASV3392,ASV44
ASV2602,,ASV3509,ASV1290,ASV1237,ASV3575,ASV39
ASV2645,,ASV3132,ASV1430,ASV1270,ASV5503,ASV41
ASV3085,,ASV3494,ASV1585,ASV907,ASV4948,ASV51
ASV2613,,ASV3620,ASV2308,ASV958,ASV4670,ASV37
ASV2874,,ASV3875,ASV2066,ASV1081,ASV5802,ASV43
ASV3094,,ASV5601,ASV1354,ASV1106,ASV3662,ASV50
ASV5808,,ASV2941,ASV1518,ASV965,ASV4081,ASV46
ASV2700,,ASV3171,ASV3191,ASV1117,ASV5752,ASV45
ASV2828,,ASV3574,ASV1379,ASV2100,ASV5388,ASV47
ASV3361,,ASV3833,ASV1626,ASV902,ASV3720,ASV59
ASV4165,,ASV2804,ASV2218,ASV1046,ASV3665,ASV53
ASV2650,,ASV3613,ASV1950,ASV1317,ASV4620,ASV52
ASV3324,,ASV5109,ASV1768,ASV1377,ASV5643,ASV49
ASV3344,,ASV2856,ASV1320,ASV1179,ASV5887,ASV151
ASV4286,,ASV2863,ASV1737,ASV993,ASV5954,ASV64
ASV5077,,ASV3105,ASV1599,ASV1235,ASV4733,ASV56
ASV4687,,ASV4247,ASV2533,ASV1189,ASV4907,ASV61
ASV2980,,ASV4212,ASV1639,ASV926,ASV5231,ASV48
ASV3023,,ASV3210,ASV2472,ASV2182,ASV5223,ASV58
ASV3739,,ASV3661,ASV2041,ASV1262,ASV5531,ASV55
ASV4104,,ASV4916,ASV1818,ASV1365,ASV5833,ASV54
ASV4884,,ASV3103,ASV1840,ASV1519,ASV4612,ASV66
ASV2937,,ASV3690,ASV1930,ASV1334,ASV5180,ASV60
ASV4353,,ASV4281,ASV1958,ASV1088,,ASV73
ASV2964,,ASV2871,ASV2037,ASV1392,,ASV62
ASV3008,,ASV3295,ASV2481,ASV2454,,ASV96
ASV3439,,ASV3538,ASV2160,ASV1160,,ASV57
ASV3547,,ASV3646,ASV2593,ASV1209,,ASV83
ASV3722,,ASV4603,ASV1616,ASV1207,,ASV80
ASV3940,,ASV3700,ASV1705,ASV1183,,ASV75
ASV4246,,ASV4392,ASV2004,ASV1206,,ASV68
ASV4368,,ASV4516,ASV1567,ASV1218,,ASV65
ASV3118,,ASV3288,ASV1671,ASV998,,ASV86
ASV3269,,ASV4223,ASV1826,ASV1312,,ASV63
ASV4601,,ASV4313,ASV2170,ASV1460,,ASV87
ASV4799,,ASV3482,ASV1688,ASV1384,,ASV71
ASV5122,,ASV3679,ASV1839,ASV1459,,ASV76
ASV5568,,ASV4006,ASV2054,ASV1300,,ASV85
ASV3172,,ASV4366,ASV3680,ASV1601,,ASV67
ASV3319,,ASV5215,ASV1762,ASV1119,,ASV82
ASV3373,,ASV5760,ASV1940,ASV1190,,ASV2771
ASV3788,,ASV3649,ASV2798,ASV1370,,ASV79
ASV4335,,ASV3846,ASV3189,ASV1178,,ASV74
ASV5198,,ASV3850,ASV2032,ASV2579,,ASV70
ASV3365,,ASV4300,ASV1931,ASV1467,,ASV72
ASV3698,,ASV4633,ASV2570,ASV1575,,ASV92
ASV3726,,ASV5247,ASV2840,ASV1184,,ASV78
ASV4496,,ASV3770,ASV4534,ASV1326,,ASV77
ASV4974,,ASV3994,ASV2510,ASV1376,,ASV98
ASV3342,,ASV4301,ASV2421,ASV1389,,ASV81
ASV3657,,ASV4650,ASV1841,ASV1589,,ASV84
ASV3682,,ASV4668,ASV2001,ASV1742,,ASV99
ASV5100,,ASV5078,ASV3161,ASV2352,,ASV100
ASV5410,,ASV4657,ASV2789,ASV1281,,ASV90
ASV5882,,ASV5275,ASV3180,ASV1327,,ASV95
ASV4108,,ASV5350,ASV2555,ASV1777,,ASV102
ASV4437,,ASV5461,ASV2748,ASV1927,,ASV104
ASV5620,,ASV5647,ASV2123,ASV1279,,ASV93
ASV3209,,ASV3819,ASV2391,ASV1380,,ASV88
ASV3483,,ASV3841,ASV2550,ASV1539,,ASV101
ASV3983,,ASV3936,ASV2933,ASV1717,,ASV107
ASV4547,,ASV4468,ASV4767,ASV1610,,ASV97
ASV3114,,ASV4794,ASV2006,ASV1723,,ASV89
ASV3515,,ASV4813,ASV2596,ASV5880,,ASV105
ASV3592,,ASV4876,ASV2718,ASV3822,,ASV108
ASV3618,,ASV5202,ASV5655,ASV1126,,ASV91
ASV3766,,ASV5322,ASV2075,ASV1341,,ASV103
ASV3882,,ASV5329,ASV2267,ASV1445,,ASV111
ASV4453,,ASV3513,ASV2535,ASV1164,,ASV106
ASV4939,,ASV3775,ASV2704,ASV1390,,ASV110
ASV5183,,ASV3999,ASV2786,ASV1486,,ASV266
ASV5261,,ASV4169,ASV2482,ASV1508,,ASV131
ASV5676,,ASV4370,ASV2542,ASV1983,,ASV117
ASV5881,,ASV4385,ASV2137,ASV2449,,ASV94
ASV5889,,ASV4557,ASV2256,ASV1587,,ASV113
ASV3413,,ASV4582,ASV2651,ASV3384,,ASV112
ASV3933,,ASV4900,ASV2878,ASV1241,,ASV115
ASV3957,,ASV5136,ASV2998,ASV1291,,ASV239
ASV4308,,ASV5251,ASV4118,ASV1367,,ASV114
ASV4383,,ASV3939,ASV2316,ASV1372,,ASV179
ASV4950,,ASV4170,ASV2378,ASV1413,,ASV170
ASV5221,,ASV4243,ASV3140,ASV1746,,ASV109
ASV5265,,ASV4377,ASV3375,ASV1857,,ASV121
ASV3528,,ASV4391,ASV2082,ASV1336,,ASV123
ASV4016,,ASV4841,ASV2313,ASV1461,,ASV125
ASV4249,,ASV5403,ASV3250,ASV1562,,ASV122
ASV5258,,ASV5607,ASV3307,ASV1571,,ASV116
ASV5264,,ASV5727,ASV2311,ASV1696,,ASV119
ASV5282,,ASV5828,ASV2484,ASV1994,,ASV138
ASV5364,,ASV3610,ASV2816,ASV1405,,ASV2223
ASV5428,,ASV3839,ASV3253,ASV1416,,ASV894
ASV5790,,ASV4485,ASV4399,ASV1443,,ASV445
ASV4171,,ASV4497,ASV5768,ASV1559,,ASV128
ASV4341,,ASV4499,ASV2638,ASV1674,,ASV120
ASV4642,,ASV4594,ASV3052,ASV1343,,ASV140
ASV4762,,ASV5292,ASV3340,ASV1552,,ASV181
ASV4911,,ASV5925,ASV3364,ASV1603,,ASV150
ASV5033,,ASV4138,ASV2171,ASV1618,,ASV124
ASV5148,,ASV4262,ASV3317,ASV1993,,ASV127
ASV5196,,ASV4440,ASV3395,ASV2038,,ASV118
ASV5363,,ASV4793,ASV3926,ASV1642,,ASV145
ASV5579,,ASV4886,ASV2808,ASV1798,,ASV130
ASV5669,,ASV4889,ASV2838,ASV1478,,ASV137
ASV5725,,ASV4994,ASV3096,ASV1550,,ASV146
ASV4280,,ASV5354,ASV3174,ASV2048,,ASV148
ASV4312,,ASV5475,ASV3676,ASV2130,,ASV126
ASV4321,,ASV4483,ASV3795,ASV2217,,ASV220
ASV4627,,ASV4494,ASV4197,ASV1572,,ASV314
ASV4800,,ASV4564,ASV4643,ASV1679,,ASV135
ASV4882,,ASV5327,ASV2323,ASV1783,,ASV129
ASV5113,,ASV5576,ASV2519,ASV1828,,ASV5782
ASV5240,,ASV5585,ASV2749,ASV1876,,ASV152
ASV5256,,ASV5604,ASV2930,ASV2423,,ASV172
ASV5341,,ASV5613,ASV3329,ASV4333,,ASV139
ASV5400,,ASV3984,ASV4096,ASV1686,,ASV155
ASV5636,,ASV4771,ASV4736,ASV1871,,ASV450
ASV5859,,ASV4855,ASV2229,ASV2573,,ASV134
ASV5860,,ASV4953,ASV3186,ASV4758,,ASV154
ASV5948,,ASV5044,ASV4671,ASV1528,,ASV136
ASV5955,,ASV5480,ASV2506,ASV1963,,ASV336
ASV3603,,ASV5864,ASV4026,ASV1970,,ASV143
ASV4216,,ASV4240,ASV4092,ASV2179,,ASV173
ASV4506,,ASV4811,ASV4792,ASV4999,,ASV167
ASV4609,,ASV4863,ASV3147,ASV1414,,ASV132
ASV4870,,ASV5020,ASV3235,ASV1582,,ASV200
ASV4949,,ASV5115,ASV3332,ASV1773,,ASV177
ASV5017,,ASV5289,ASV3419,ASV1800,,ASV142
ASV5157,,ASV5456,ASV2679,ASV2312,,ASV180
ASV5211,,ASV5608,ASV3598,ASV1722,,ASV1946
ASV5472,,ASV5656,ASV3685,ASV1919,,ASV141
ASV5741,,ASV4556,ASV3709,ASV1577,,ASV156
ASV5900,,ASV4562,ASV3887,ASV1770,,ASV211
ASV4219,,ASV4833,ASV5712,ASV1870,,ASV158
ASV4284,,ASV5008,ASV3335,ASV1928,,ASV149
ASV4588,,ASV5048,ASV3675,ASV2442,,ASV3207
ASV4869,,ASV5217,ASV5143,ASV1612,,ASV160
ASV5024,,ASV5296,ASV5260,ASV2951,,ASV147
ASV5098,,ASV5699,ASV2652,ASV1652,,ASV144
ASV5101,,ASV5913,ASV3111,ASV1701,,ASV193
ASV5233,,ASV5518,ASV3188,ASV1809,,ASV161
ASV5271,,ASV5592,ASV3331,ASV1884,,ASV290
ASV5307,,ASV5627,ASV3411,ASV2007,,ASV133
ASV5348,,ASV5680,ASV3472,ASV2255,,ASV192
ASV5555,,ASV5720,ASV3784,ASV2626,,ASV201
ASV5652,,ASV5739,ASV3851,ASV1820,,ASV163
ASV5888,,ASV5759,ASV3932,ASV2107,,ASV157
ASV4187,,ASV5552,ASV4451,ASV2646,,ASV165
ASV4432,,ASV5577,ASV2854,ASV3626,,ASV280
ASV4505,,ASV5657,ASV3131,ASV1622,,ASV195
ASV4780,,ASV5871,ASV3971,ASV1662,,ASV2187
ASV4826,,ASV5832,ASV5572,ASV1973,,ASV153
ASV4888,,,ASV3127,ASV2867,,ASV279
ASV5051,,,ASV3404,ASV5066,,ASV162
ASV5179,,,ASV3535,ASV1482,,ASV164
ASV5481,,,ASV3993,ASV1565,,ASV174
ASV5553,,,ASV4136,ASV2765,,ASV183
ASV5600,,,ASV4433,ASV1660,,ASV4105
ASV5910,,,ASV4810,ASV2443,,ASV168
ASV5916,,,ASV4816,ASV1566,,ASV178
ASV4123,,,ASV2708,ASV1683,,ASV5245
ASV4438,,,ASV3148,ASV1975,,ASV176
ASV4572,,,ASV3338,ASV2079,,ASV216
ASV4712,,,ASV3387,ASV2080,,ASV208
ASV4725,,,ASV3501,ASV2283,,ASV171
ASV4747,,,ASV3658,ASV1690,,ASV223
ASV5058,,,ASV4347,ASV2277,,ASV206
ASV5061,,,ASV5255,ASV2801,,ASV199
ASV5192,,,ASV5286,ASV3352,,ASV3824
ASV5320,,,ASV2862,ASV4639,,ASV205
ASV5325,,,ASV3156,ASV1653,,ASV250
ASV5356,,,ASV4730,ASV1673,,ASV727
ASV5412,,,ASV5370,ASV2276,,ASV185
ASV5499,,,ASV5383,ASV2300,,ASV235
ASV5515,,,ASV3120,ASV2446,,ASV194
ASV5838,,,ASV3195,ASV2450,,ASV169
ASV5902,,,ASV3452,ASV2452,,ASV189
ASV5919,,,ASV3474,ASV2647,,ASV182
ASV4553,,,ASV3599,ASV3246,,ASV159
ASV4648,,,ASV3673,ASV1694,,ASV188
ASV4683,,,ASV4527,ASV1752,,ASV191
ASV4902,,,ASV4617,ASV1926,,ASV258
ASV5190,,,ASV4797,ASV1935,,ASV175
ASV5237,,,ASV4880,ASV2135,,ASV322
ASV5376,,,ASV5306,ASV2154,,ASV215
ASV5714,,,ASV3016,ASV2225,,ASV204
ASV5716,,,ASV3345,ASV2508,,ASV2583
ASV5815,,,ASV3380,ASV1815,,ASV249
ASV5852,,,ASV3562,ASV2005,,ASV224
ASV5946,,,ASV3687,ASV2058,,ASV2008
ASV5225,,,ASV3811,ASV2711,,ASV213
ASV5270,,,ASV3843,ASV4106,,ASV289
ASV5380,,,ASV4145,ASV4130,,ASV186
ASV5686,,,ASV4183,ASV1739,,ASV310
ASV5722,,,ASV4323,ASV1849,,ASV197
ASV5876,,,ASV5575,ASV2015,,ASV226
ASV5924,,,ASV3591,ASV2027,,ASV202
ASV5940,,,ASV4536,ASV2367,,ASV225
ASV4765,,,ASV4568,ASV3438,,ASV248
ASV4864,,,ASV4629,ASV4131,,ASV356
ASV5102,,,ASV5895,ASV1711,,ASV207
ASV5272,,,ASV3417,ASV1823,,ASV309
ASV5557,,,ASV3463,ASV2084,,ASV253
ASV5452,,,ASV3602,ASV3597,,ASV184
ASV5558,,,ASV3637,ASV4024,,ASV478
ASV5737,,,ASV3815,ASV4363,,ASV203
ASV5884,,,ASV3823,ASV5427,,ASV563
ASV5901,,,ASV4147,ASV2047,,ASV240
,,,ASV4190,ASV2065,,ASV330
,,,ASV4458,ASV2111,,ASV247
,,,ASV4482,ASV2321,,ASV219
,,,ASV4752,ASV2369,,ASV236
,,,ASV4756,ASV2561,,ASV190
,,,ASV5005,ASV1916,,ASV210
,,,ASV5163,ASV1923,,ASV3327
,,,ASV5611,ASV2164,,ASV230
,,,ASV5694,ASV2751,,ASV256
,,,ASV5849,ASV4373,,ASV187
,,,ASV4121,ASV1855,,ASV232
,,,ASV4626,ASV2438,,ASV217
,,,ASV5379,ASV2498,,ASV238
,,,ASV5561,ASV2513,,ASV1730
,,,ASV5615,ASV2527,,ASV196
,,,ASV5875,ASV2983,,ASV237
,,,ASV3740,ASV4007,,ASV221
,,,ASV4027,ASV1883,,ASV214
,,,ASV4142,ASV1920,,ASV242
,,,ASV4369,ASV2078,,ASV241
,,,ASV4461,ASV2196,,ASV305
,,,ASV4666,ASV2198,,ASV228
,,,ASV5110,ASV2206,,ASV741
,,,ASV5284,ASV2211,,ASV2618
,,,ASV5417,ASV2303,,ASV261
,,,ASV5466,ASV2328,,ASV231
,,,ASV5914,ASV2985,,ASV288
,,,ASV3899,ASV4100,,ASV209
,,,ASV4029,ASV5432,,ASV3485
,,,ASV4311,ASV2014,,ASV245
,,,ASV4349,ASV2071,,ASV265
,,,ASV4376,ASV2302,,ASV218
,,,ASV4860,ASV2105,,ASV728
,,,ASV4909,ASV2262,,ASV227
,,,ASV4935,ASV2445,,ASV243
,,,ASV5177,ASV2574,,ASV259
,,,ASV5960,ASV2921,,ASV719
,,,ASV3532,ASV3090,,ASV347
,,,ASV4032,ASV1829,,ASV212
,,,ASV4538,ASV1890,,ASV229
,,,ASV4677,ASV2083,,ASV267
,,,ASV4697,ASV2129,,ASV766
,,,ASV4775,ASV2690,,ASV312
,,,ASV4954,ASV2769,,ASV252
,,,ASV4988,ASV3110,,ASV838
,,,ASV5067,ASV1944,,ASV296
,,,ASV5175,ASV2120,,ASV233
,,,ASV5283,ASV2168,,ASV952
,,,ASV5323,ASV2194,,ASV3732
,,,ASV5433,ASV2249,,ASV234
,,,ASV5489,ASV2611,,ASV264
,,,ASV5688,ASV2713,,ASV270
,,,ASV3703,ASV2866,,ASV286
,,,ASV4019,ASV2918,,ASV244
,,,ASV4188,ASV3248,,ASV257
,,,ASV4330,ASV3977,,ASV268
,,,ASV4342,ASV4745,,ASV307
,,,ASV4522,ASV1860,,ASV255
,,,ASV4678,ASV2068,,ASV262
,,,ASV4798,ASV2186,,ASV291
,,,ASV4845,ASV2279,,ASV298
,,,ASV4875,ASV2342,,ASV316
,,,ASV4959,ASV2398,,ASV251
,,,ASV5080,ASV3144,,ASV303
,,,ASV5312,ASV4754,,ASV643
,,,ASV5395,ASV2099,,ASV271
,,,ASV5563,ASV2203,,ASV4759
,,,ASV5697,ASV2237,,ASV275
,,,ASV5717,ASV2289,,ASV300
,,,ASV5751,ASV2358,,ASV294
,,,ASV5850,ASV2405,,ASV254
,,,ASV3585,ASV2505,,ASV282
,,,ASV3951,ASV2633,,ASV246
,,,ASV4266,ASV3002,,ASV274
,,,ASV4484,ASV3109,,ASV283
,,,ASV4510,ASV3116,,ASV293
,,,ASV4665,ASV4274,,ASV5201
,,,ASV4786,ASV4698,,ASV287
,,,ASV5390,ASV2151,,ASV269
,,,ASV5434,ASV2317,,ASV366
,,,ASV5582,ASV2353,,ASV281
,,,ASV5798,ASV2419,,ASV273
,,,ASV5867,ASV2615,,ASV3779
,,,ASV4542,ASV2734,,ASV297
,,,ASV4624,ASV2755,,ASV3938
,,,ASV5014,ASV2792,,ASV302
,,,ASV5268,ASV2812,,ASV335
,,,ASV5683,ASV3285,,ASV276
,,,ASV3935,ASV3503,,ASV2623
,,,ASV3943,ASV4129,,ASV295
,,,ASV4630,ASV4731,,ASV5010
,,,ASV4664,ASV4977,,ASV263
,,,ASV4721,ASV1991,,ASV5744
,,,ASV4887,ASV2209,,ASV278
,,,ASV4905,ASV2402,,ASV5687
,,,ASV5236,ASV2403,,ASV465
,,,ASV5807,ASV2603,,ASV285
,,,ASV5851,ASV2670,,ASV2809
,,,ASV4005,ASV2830,,ASV539
,,,ASV4524,ASV2876,,ASV2974
,,,ASV5449,ASV3516,,ASV277
,,,ASV5742,ASV4093,,ASV306
,,,ASV5904,ASV1775,,ASV355
,,,ASV4486,ASV1968,,ASV436
,,,ASV4566,ASV2040,,ASV353
,,,ASV4577,ASV2241,,ASV315
,,,ASV4847,ASV2431,,ASV352
,,,ASV5045,ASV2634,,ASV260
,,,ASV5154,ASV2881,,ASV382
,,,ASV5257,ASV2969,,ASV425
,,,ASV5297,ASV3014,,ASV342
,,,ASV5365,ASV3254,,ASV328
,,,ASV5478,ASV3273,,ASV392
,,,ASV5494,ASV3428,,ASV334
,,,ASV5587,ASV3744,,ASV516
,,,ASV5783,ASV5197,,ASV337
,,,ASV5810,ASV2149,,ASV284
,,,ASV5906,ASV2293,,ASV318
,,,ASV4520,ASV2429,,ASV368
,,,ASV4684,ASV2462,,ASV323
,,,ASV4711,ASV2525,,ASV435
,,,ASV5249,ASV2797,,ASV338
,,,ASV5413,ASV3155,,ASV272
,,,ASV5536,ASV3588,,ASV311
,,,ASV5673,ASV3622,,ASV363
,,,ASV5726,ASV1951,,ASV1712
,,,ASV5829,ASV2011,,ASV361
,,,ASV5847,ASV2053,,ASV953
,,,ASV5921,ASV2183,,ASV344
,,,ASV4718,ASV2236,,ASV331
,,,ASV5084,ASV2565,,ASV317
,,,ASV5401,ASV2662,,ASV384
,,,ASV5486,ASV2784,,ASV373
,,,ASV5521,ASV2864,,ASV326
,,,ASV5543,ASV2892,,ASV397
,,,ASV5551,ASV3025,,ASV308
,,,ASV5736,ASV3086,,ASV329
,,,ASV5874,ASV3204,,ASV376
,,,ASV4563,ASV3497,,ASV313
,,,ASV4706,ASV4858,,ASV324
,,,ASV5112,ASV5830,,ASV447
,,,ASV5315,ASV5950,,ASV359
,,,ASV5835,ASV2259,,ASV321
,,,ASV4809,ASV2327,,ASV372
,,,ASV5068,ASV2496,,ASV383
,,,ASV5116,ASV2499,,ASV301
,,,ASV5485,ASV2706,,ASV377
,,,ASV5635,ASV3083,,ASV823
,,,ASV5791,ASV3151,,ASV349
,,,ASV5799,ASV3308,,ASV1112
,,,ASV5909,ASV4504,,ASV379
,,,ASV5085,ASV4944,,ASV4983
,,,ASV5944,ASV2227,,ASV345
,,,,ASV2325,,ASV2915
,,,,ASV2332,,ASV327
,,,,ASV2428,,ASV354
,,,,ASV2474,,ASV375
,,,,ASV2495,,ASV404
,,,,ASV2543,,ASV378
,,,,ASV2578,,ASV320
,,,,ASV2656,,ASV411
,,,,ASV2702,,ASV482
,,,,ASV2995,,ASV350
,,,,ASV3093,,ASV656
,,,,ASV3426,,ASV299
,,,,ASV3845,,ASV340
,,,,ASV4198,,ASV389
,,,,ASV4737,,ASV437
,,,,ASV4822,,ASV671
,,,,ASV2096,,ASV319
,,,,ASV2200,,ASV374
,,,,ASV2295,,ASV386
,,,,ASV2377,,ASV391
,,,,ASV2735,,ASV424
,,,,ASV2757,,ASV401
,,,,ASV3001,,ASV860
,,,,ASV3196,,ASV5690
,,,,ASV3243,,ASV370
,,,,ASV3355,,ASV439
,,,,ASV3423,,ASV1358
,,,,ASV3826,,ASV681
,,,,ASV4803,,ASV358
,,,,ASV4883,,ASV2552
,,,,ASV5542,,ASV346
,,,,ASV2320,,ASV406
,,,,ASV2351,,ASV490
,,,,ASV2381,,ASV388
,,,,ASV2415,,ASV393
,,,,ASV2416,,ASV360
,,,,ASV2529,,ASV365
,,,,ASV2642,,ASV407
,,,,ASV2657,,ASV1774
,,,,ASV2674,,ASV409
,,,,ASV2689,,ASV304
,,,,ASV2733,,ASV339
,,,,ASV3199,,ASV432
,,,,ASV3245,,ASV597
,,,,ASV3526,,ASV4257
,,,,ASV3821,,ASV380
,,,,ASV3928,,ASV544
,,,,ASV4128,,ASV2208
,,,,ASV4263,,ASV461
,,,,ASV4565,,ASV351
,,,,ASV4777,,ASV396
,,,,ASV4922,,ASV475
,,,,ASV4996,,ASV369
,,,,ASV2163,,ASV332
,,,,ASV2192,,ASV1015
,,,,ASV2566,,ASV364
,,,,ASV2592,,ASV427
,,,,ASV2619,,ASV430
,,,,ASV2731,,ASV398
,,,,ASV2768,,ASV456
,,,,ASV2800,,ASV385
,,,,ASV2868,,ASV508
,,,,ASV2954,,ASV1338
,,,,ASV2955,,ASV640
,,,,ASV3311,,ASV2291
,,,,ASV4001,,ASV414
,,,,ASV4048,,ASV1152
,,,,ASV4632,,ASV1002
,,,,ASV4739,,ASV390
,,,,ASV4784,,ASV587
,,,,ASV5514,,ASV417
,,,,ASV2109,,ASV560
,,,,ASV2473,,ASV2486
,,,,ASV2517,,ASV466
,,,,ASV2544,,ASV1132
,,,,ASV2581,,ASV2850
,,,,ASV2600,,ASV1092
,,,,ASV2982,,ASV463
,,,,ASV3021,,ASV438
,,,,ASV3043,,ASV464
,,,,ASV3142,,ASV419
,,,,ASV3220,,ASV408
,,,,ASV3469,,ASV1073
,,,,ASV3499,,ASV1161
,,,,ASV3525,,ASV410
,,,,ASV3564,,ASV420
,,,,ASV3654,,ASV481
,,,,ASV3864,,ASV592
,,,,ASV3915,,ASV3576
,,,,ASV4051,,ASV426
,,,,ASV5087,,ASV3236
,,,,ASV5854,,ASV413
,,,,ASV2315,,ASV405
,,,,ASV2512,,ASV399
,,,,ASV2691,,ASV402
,,,,ASV2724,,ASV400
,,,,ASV2725,,ASV421
,,,,ASV2803,,ASV735
,,,,ASV2805,,ASV960
,,,,ASV2898,,ASV422
,,,,ASV3012,,ASV467
,,,,ASV3175,,ASV1030
,,,,ASV3349,,ASV444
,,,,ASV3435,,ASV403
,,,,ASV3896,,ASV497
,,,,ASV4239,,ASV606
,,,,ASV5142,,ASV4229
,,,,ASV5883,,ASV468
,,,,ASV2778,,ASV1449
,,,,ASV2811,,ASV451
,,,,ASV2853,,ASV652
,,,,ASV2884,,ASV412
,,,,ASV2890,,ASV434
,,,,ASV2904,,ASV836
,,,,ASV2910,,ASV458
,,,,ASV2942,,ASV479
,,,,ASV2943,,ASV566
,,,,ASV2945,,ASV1182
,,,,ASV2992,,ASV506
,,,,ASV3028,,ASV4509
,,,,ASV3042,,ASV454
,,,,ASV3594,,ASV459
,,,,ASV3792,,ASV505
,,,,ASV3807,,ASV557
,,,,ASV3880,,ASV775
,,,,ASV3973,,ASV3869
,,,,ASV3989,,ASV469
,,,,ASV4269,,ASV2124
,,,,ASV4602,,ASV423
,,,,ASV4686,,ASV635
,,,,ASV4835,,ASV1594
,,,,ASV5218,,ASV498
,,,,ASV5273,,ASV480
,,,,ASV2518,,ASV893
,,,,ASV2608,,ASV486
,,,,ASV2671,,ASV510
,,,,ASV2949,,ASV429
,,,,ASV3214,,ASV395
,,,,ASV3227,,ASV415
,,,,ASV3260,,ASV1287
,,,,ASV3266,,ASV4085
,,,,ASV3496,,ASV586
,,,,ASV3568,,ASV428
,,,,ASV3621,,ASV470
,,,,ASV3640,,ASV531
,,,,ASV3902,,ASV828
,,,,ASV3953,,ASV547
,,,,ASV4035,,ASV431
,,,,ASV4213,,ASV600
,,,,ASV4220,,ASV499
,,,,ASV4734,,ASV501
,,,,ASV5015,,ASV387
,,,,ASV5199,,ASV528
,,,,ASV5618,,ASV460
,,,,ASV2287,,ASV621
,,,,ASV2322,,ASV484
,,,,ASV2601,,ASV500
,,,,ASV2760,,ASV517
,,,,ASV2829,,ASV552
,,,,ASV2875,,ASV457
,,,,ASV2903,,ASV474
,,,,ASV2959,,ASV535
,,,,ASV2972,,ASV442
,,,,ASV3009,,ASV545
,,,,ASV3027,,ASV476
,,,,ASV3031,,ASV462
,,,,ASV3108,,ASV543
,,,,ASV3306,,ASV455
,,,,ASV3321,,ASV525
,,,,ASV3464,,ASV483
,,,,ASV3524,,ASV488
,,,,ASV3830,,ASV532
,,,,ASV4052,,ASV1210
,,,,ASV4362,,ASV4277
,,,,ASV4625,,ASV441
,,,,ASV5056,,ASV452
,,,,ASV5076,,ASV433
,,,,ASV5436,,ASV550
,,,,ASV5444,,ASV548
,,,,ASV5605,,ASV617
,,,,ASV5926,,ASV556
,,,,ASV2577,,ASV489
,,,,ASV2669,,ASV493
,,,,ASV2747,,ASV616
,,,,ASV2754,,ASV527
,,,,ASV2770,,ASV591
,,,,ASV2806,,ASV502
,,,,ASV2911,,ASV2595
,,,,ASV2912,,ASV523
,,,,ASV2993,,ASV779
,,,,ASV3074,,ASV3406
,,,,ASV3113,,ASV3760
,,,,ASV3213,,ASV440
,,,,ASV3259,,ASV536
,,,,ASV3280,,ASV1243
,,,,ASV3303,,ASV509
,,,,ASV3357,,ASV605
,,,,ASV3396,,ASV418
,,,,ASV3493,,ASV443
,,,,ASV3612,,ASV453
,,,,ASV3798,,ASV526
,,,,ASV3828,,ASV677
,,,,ASV3898,,ASV503
,,,,ASV3918,,ASV507
,,,,ASV3985,,ASV542
,,,,ASV4179,,ASV3107
,,,,ASV4787,,ASV5166
,,,,ASV4805,,ASV529
,,,,ASV5145,,ASV561
,,,,ASV5369,,ASV4518
,,,,ASV5426,,ASV504
,,,,ASV5571,,ASV524
,,,,ASV2683,,ASV1647
,,,,ASV2727,,ASV511
,,,,ASV2790,,ASV446
,,,,ASV2832,,ASV449
,,,,ASV2976,,ASV487
,,,,ASV3044,,ASV570
,,,,ASV3098,,ASV1329
,,,,ASV3261,,ASV512
,,,,ASV3437,,ASV3347
,,,,ASV3468,,ASV477
,,,,ASV3470,,ASV541
,,,,ASV3715,,ASV575
,,,,ASV3762,,ASV537
,,,,ASV4061,,ASV553
,,,,ASV4346,,ASV567
,,,,ASV4708,,ASV576
,,,,ASV5389,,ASV540
,,,,ASV2692,,ASV549
,,,,ASV2726,,ASV624
,,,,ASV2849,,ASV491
,,,,ASV2891,,ASV571
,,,,ASV3073,,ASV572
,,,,ASV3166,,ASV634
,,,,ASV3519,,ASV473
,,,,ASV3527,,ASV494
,,,,ASV3691,,ASV583
,,,,ASV3867,,ASV627
,,,,ASV3872,,ASV562
,,,,ASV4044,,ASV630
,,,,ASV4103,,ASV654
,,,,ASV4260,,ASV658
,,,,ASV5021,,ASV596
,,,,ASV5420,,ASV657
,,,,ASV5781,,ASV607
,,,,ASV2589,,ASV609
,,,,ASV2643,,ASV620
,,,,ASV2696,,ASV767
,,,,ASV2947,,ASV2165
,,,,ASV2990,,ASV568
,,,,ASV3055,,ASV679
,,,,ASV3077,,ASV725
,,,,ASV3130,,ASV485
,,,,ASV3138,,ASV522
,,,,ASV3290,,ASV558
,,,,ASV3298,,ASV708
,,,,ASV3371,,ASV448
,,,,ASV3381,,ASV546
,,,,ASV3382,,ASV554
,,,,ASV3445,,ASV574
,,,,ASV3451,,ASV519
,,,,ASV3460,,ASV5333
,,,,ASV3511,,ASV770
,,,,ASV3605,,ASV521
,,,,ASV3628,,ASV559
,,,,ASV3777,,ASV573
,,,,ASV3854,,ASV614
,,,,ASV3901,,ASV626
,,,,ASV3916,,ASV492
,,,,ASV4022,,ASV613
,,,,ASV4101,,ASV686
,,,,ASV4374,,ASV602
,,,,ASV4634,,ASV619
,,,,ASV4644,,ASV569
,,,,ASV4901,,ASV5772
,,,,ASV4963,,ASV646
,,,,ASV4985,,ASV886
,,,,ASV5088,,ASV3089
,,,,ASV5096,,ASV4715
,,,,ASV5382,,ASV551
,,,,ASV5491,,ASV555
,,,,ASV2653,,ASV781
,,,,ASV2663,,ASV639
,,,,ASV2709,,ASV689
,,,,ASV2772,,ASV632
,,,,ASV2842,,ASV644
,,,,ASV2859,,ASV2010
,,,,ASV2877,,ASV623
,,,,ASV2944,,ASV625
,,,,ASV3015,,ASV604
,,,,ASV3030,,ASV641
,,,,ASV3046,,ASV734
,,,,ASV3053,,ASV3754
,,,,ASV3100,,ASV520
,,,,ASV3173,,ASV584
,,,,ASV3275,,ASV610
,,,,ASV3315,,ASV636
,,,,ASV3386,,ASV684
,,,,ASV3490,,ASV773
,,,,ASV3537,,ASV680
,,,,ASV3582,,ASV580
,,,,ASV3589,,ASV750
,,,,ASV3614,,ASV1466
,,,,ASV3719,,ASV1945
,,,,ASV3789,,ASV2762
,,,,ASV3838,,ASV5488
,,,,ASV3862,,ASV645
,,,,ASV3946,,ASV692
,,,,ASV4226,,ASV869
,,,,ASV4264,,ASV611
,,,,ASV4595,,ASV2049
,,,,ASV4631,,ASV585
,,,,ASV4836,,ASV595
,,,,ASV4913,,ASV703
,,,,ASV4921,,ASV772
,,,,ASV4962,,ASV564
,,,,ASV5623,,ASV670
,,,,ASV5667,,ASV5848
,,,,ASV5846,,ASV724
,,,,ASV2893,,ASV884
,,,,ASV2948,,ASV3643
,,,,ASV2991,,ASV633
,,,,ASV3060,,ASV495
,,,,ASV3066,,ASV593
,,,,ASV3264,,ASV648
,,,,ASV3343,,ASV650
,,,,ASV3370,,ASV716
,,,,ASV3412,,ASV615
,,,,ASV3418,,ASV801
,,,,ASV3421,,ASV601
,,,,ASV3456,,ASV783
,,,,ASV3495,,ASV4242
,,,,ASV3518,,ASV533
,,,,ASV3553,,ASV582
,,,,ASV3571,,ASV664
,,,,ASV3782,,ASV913
,,,,ASV3820,,ASV1551
,,,,ASV3853,,ASV579
,,,,ASV3913,,ASV672
,,,,ASV3997,,ASV1842
,,,,ASV4071,,ASV655
,,,,ASV4074,,ASV730
,,,,ASV4148,,ASV647
,,,,ASV4397,,ASV669
,,,,ASV4580,,ASV736
,,,,ASV4724,,ASV799
,,,,ASV4849,,ASV530
,,,,ASV4910,,ASV578
,,,,ASV4982,,ASV710
,,,,ASV5149,,ASV769
,,,,ASV5171,,ASV515
,,,,ASV5342,,ASV797
,,,,ASV5706,,ASV5381
,,,,ASV5804,,ASV629
,,,,ASV2788,,ASV637
,,,,ASV3000,,ASV666
,,,,ASV3219,,ASV683
,,,,ASV3300,,ASV701
,,,,ASV3383,,ASV673
,,,,ASV3429,,ASV1135
,,,,ASV3492,,ASV687
,,,,ASV3555,,ASV5026
,,,,ASV3664,,ASV594
,,,,ASV3923,,ASV603
,,,,ASV3996,,ASV622
,,,,ASV4205,,ASV737
,,,,ASV4279,,ASV1830
,,,,ASV4289,,ASV1069
,,,,ASV4338,,ASV4788
,,,,ASV4460,,ASV661
,,,,ASV4495,,ASV901
,,,,ASV4508,,ASV608
,,,,ASV4641,,ASV717
,,,,ASV5057,,ASV824
,,,,ASV5220,,ASV852
,,,,ASV5285,,ASV1000
,,,,ASV5309,,ASV588
,,,,ASV5314,,ASV598
,,,,ASV5351,,ASV693
,,,,ASV5372,,ASV748
,,,,ASV5538,,ASV932
,,,,ASV5556,,ASV5493
,,,,ASV5612,,ASV694
,,,,ASV5633,,ASV749
,,,,ASV5661,,ASV667
,,,,ASV5922,,ASV682
,,,,ASV5959,,ASV721
,,,,ASV2916,,ASV854
,,,,ASV2999,,ASV1057
,,,,ASV3045,,ASV3322
,,,,ASV3058,,ASV675
,,,,ASV3123,,ASV705
,,,,ASV3149,,ASV863
,,,,ASV3182,,ASV642
,,,,ASV3277,,ASV758
,,,,ASV3286,,ASV5711
,,,,ASV3394,,ASV697
,,,,ASV3450,,ASV739
,,,,ASV3504,,ASV745
,,,,ASV3508,,ASV768
,,,,ASV3533,,ASV844
,,,,ASV3540,,ASV1045
,,,,ASV3572,,ASV1845
,,,,ASV3577,,ASV2572
,,,,ASV3647,,ASV688
,,,,ASV3656,,ASV707
,,,,ASV3696,,ASV731
,,,,ASV3836,,ASV742
,,,,ASV3904,,ASV864
,,,,ASV3937,,ASV1972
,,,,ASV4037,,ASV691
,,,,ASV4057,,ASV942
,,,,ASV4195,,ASV700
,,,,ASV4196,,ASV732
,,,,ASV4412,,ASV759
,,,,ASV4429,,ASV1007
,,,,ASV4507,,ASV702
,,,,ASV4531,,ASV798
,,,,ASV4573,,ASV805
,,,,ASV4621,,ASV2370
,,,,ASV4895,,ASV1093
,,,,ASV4947,,ASV698
,,,,ASV5331,,ASV809
,,,,ASV5443,,ASV879
,,,,ASV5599,,ASV989
,,,,ASV5745,,ASV4133
,,,,ASV5844,,ASV660
,,,,ASV5892,,ASV685
,,,,ASV3284,,ASV695
,,,,ASV3325,,ASV1791
,,,,ASV3366,,ASV5584
,,,,ASV3415,,ASV653
,,,,ASV3436,,ASV709
,,,,ASV3448,,ASV755
,,,,ASV3486,,ASV723
,,,,ASV3530,,ASV776
,,,,ASV3542,,ASV825
,,,,ASV3670,,ASV868
,,,,ASV3694,,ASV880
,,,,ASV3738,,ASV1103
,,,,ASV3742,,ASV649
,,,,ASV3753,,ASV4265
,,,,ASV3757,,ASV651
,,,,ASV3774,,ASV618
,,,,ASV3825,,ASV662
,,,,ASV3835,,ASV704
,,,,ASV3849,,ASV753
,,,,ASV3857,,ASV1127
,,,,ASV3886,,ASV1452
,,,,ASV3929,,ASV713
,,,,ASV3934,,ASV743
,,,,ASV4053,,ASV3881
,,,,ASV4080,,ASV696
,,,,ASV4127,,ASV711
,,,,ASV4200,,ASV674
,,,,ASV4248,,ASV785
,,,,ASV4295,,ASV818
,,,,ASV4325,,ASV821
,,,,ASV4331,,ASV858
,,,,ASV4332,,ASV922
,,,,ASV4615,,ASV746
,,,,ASV4669,,ASV782
,,,,ASV4802,,ASV983
,,,,ASV4897,,ASV720
,,,,ASV4989,,ASV757
,,,,ASV4992,,ASV796
,,,,ASV5030,,ASV841
,,,,ASV5549,,ASV859
,,,,ASV5581,,ASV915
,,,,ASV5590,,ASV715
,,,,ASV5644,,ASV788
,,,,ASV5773,,ASV819
,,,,ASV2889,,ASV1041
,,,,ASV3091,,ASV690
,,,,ASV3121,,ASV752
,,,,ASV3139,,ASV765
,,,,ASV3192,,ASV851
,,,,ASV3193,,ASV940
,,,,ASV3247,,ASV1242
,,,,ASV3262,,ASV927
,,,,ASV3350,,ASV931
,,,,ASV3379,,ASV966
,,,,ASV3506,,ASV2744
,,,,ASV3544,,ASV3238
,,,,ASV3545,,ASV4134
,,,,ASV3668,,ASV790
,,,,ASV3708,,ASV980
,,,,ASV3755,,ASV1333
,,,,ASV3778,,ASV1581
,,,,ASV3816,,ASV892
,,,,ASV3840,,ASV676
,,,,ASV3892,,ASV747
,,,,ASV3922,,ASV843
,,,,ASV4072,,ASV986
,,,,ASV4141,,ASV738
,,,,ASV4322,,ASV756
,,,,ASV4388,,ASV777
,,,,ASV4408,,ASV1039
,,,,ASV4576,,ASV668
,,,,ASV4619,,ASV806
,,,,ASV4853,,ASV1546
,,,,ASV4871,,ASV784
,,,,ASV4890,,ASV877
,,,,ASV4995,,ASV1029
,,,,ASV5207,,ASV2736
,,,,ASV5387,,ASV780
,,,,ASV5416,,ASV764
,,,,ASV5492,,ASV955
,,,,ASV5537,,ASV1082
,,,,ASV5692,,ASV1166
,,,,ASV5855,,ASV1692
,,,,ASV3224,,ASV778
,,,,ASV3378,,ASV817
,,,,ASV3645,,ASV904
,,,,ASV3686,,ASV1187
,,,,ASV3748,,ASV2610
,,,,ASV3767,,ASV663
,,,,ASV3781,,ASV722
,,,,ASV3844,,ASV751
,,,,ASV3911,,ASV807
,,,,ASV3914,,ASV887
,,,,ASV4010,,ASV941
,,,,ASV4067,,ASV1021
,,,,ASV4070,,ASV761
,,,,ASV4119,,ASV837
,,,,ASV4232,,ASV889
,,,,ASV4355,,ASV937
,,,,ASV4365,,ASV5839
,,,,ASV4500,,ASV718
,,,,ASV4689,,ASV802
,,,,ASV4692,,ASV1493
,,,,ASV4727,,ASV3401
,,,,ASV4761,,ASV816
,,,,ASV4917,,ASV834
,,,,ASV4918,,ASV919
,,,,ASV4937,,ASV1016
,,,,ASV5025,,ASV762
,,,,ASV5071,,ASV787
,,,,ASV5137,,ASV814
,,,,ASV5187,,ASV846
,,,,ASV5349,,ASV925
,,,,ASV5352,,ASV813
,,,,ASV5385,,ASV835
,,,,ASV5451,,ASV857
,,,,ASV5662,,ASV865
,,,,ASV5685,,ASV1003
,,,,ASV5903,,ASV1123
,,,,ASV5936,,ASV1297
,,,,ASV2802,,ASV1704
,,,,ASV2919,,ASV3095
,,,,ASV2981,,ASV794
,,,,ASV3097,,ASV831
,,,,ASV3124,,ASV870
,,,,ASV3287,,ASV891
,,,,ASV3390,,ASV920
,,,,ASV3512,,ASV981
,,,,ASV3522,,ASV862
,,,,ASV3566,,ASV956
,,,,ASV3611,,ASV848
,,,,ASV3705,,ASV954
,,,,ASV3751,,ASV1254
,,,,ASV3769,,ASV1475
,,,,ASV3812,,ASV808
,,,,ASV3814,,ASV815
,,,,ASV3952,,ASV3309
,,,,ASV4017,,ASV5511
,,,,ASV4063,,ASV726
,,,,ASV4079,,ASV896
,,,,ASV4252,,ASV1010
,,,,ASV4288,,ASV1122
,,,,ASV4336,,ASV1144
,,,,ASV4356,,ASV5943
,,,,ASV4379,,ASV714
,,,,ASV4502,,ASV740
,,,,ASV4529,,ASV795
,,,,ASV4610,,ASV803
,,,,ASV4636,,ASV866
,,,,ASV4656,,ASV957
,,,,ASV4685,,ASV1051
,,,,ASV4893,,ASV1258
,,,,ASV4987,,ASV3072
,,,,ASV5018,,ASV829
,,,,ASV5083,,ASV871
,,,,ASV5118,,ASV947
,,,,ASV5186,,ASV964
,,,,ASV5308,,ASV1040
,,,,ASV5516,,ASV1150
,,,,ASV5578,,ASV1356
,,,,ASV5621,,ASV1425
,,,,ASV5949,,ASV939
,,,,ASV2961,,ASV1038
,,,,ASV3232,,ASV1374
,,,,ASV3305,,ASV729
,,,,ASV3389,,ASV853
,,,,ASV3397,,ASV881
,,,,ASV3462,,ASV1246
,,,,ASV3514,,ASV1435
,,,,ASV3584,,ASV2774
,,,,ASV3627,,ASV833
,,,,ASV3660,,ASV921
,,,,ASV3678,,ASV929
,,,,ASV3746,,ASV936
,,,,ASV3832,,ASV985
,,,,ASV3865,,ASV1025
,,,,ASV3944,,ASV1066
,,,,ASV3981,,ASV1090
,,,,ASV4012,,ASV1736
,,,,ASV4014,,ASV2411
,,,,ASV4021,,ASV793
,,,,ASV4025,,ASV810
,,,,ASV4160,,ASV898
,,,,ASV4256,,ASV1071
,,,,ASV4304,,ASV1074
,,,,ASV4345,,ASV826
,,,,ASV4390,,ASV827
,,,,ASV4570,,ASV963
,,,,ASV4592,,ASV992
,,,,ASV4614,,ASV800
,,,,ASV4714,,ASV888
,,,,ASV4844,,ASV923
,,,,ASV4998,,ASV979
,,,,ASV5173,,ASV1781
,,,,ASV5194,,ASV943
,,,,ASV5241,,ASV944
,,,,ASV5248,,ASV976
,,,,ASV5336,,ASV1013
,,,,ASV5337,,ASV1100
,,,,ASV5418,,ASV1249
,,,,ASV5479,,ASV2599
,,,,ASV5713,,ASV820
,,,,ASV5762,,ASV1018
,,,,ASV5845,,ASV1318
,,,,ASV5878,,ASV1330
,,,,ASV5891,,ASV5695
,,,,ASV5897,,ASV890
,,,,ASV3339,,ASV934
,,,,ASV3459,,ASV1085
,,,,ASV3507,,ASV1232
,,,,ASV3550,,ASV2451
,,,,ASV3595,,ASV2834
,,,,ASV3659,,ASV789
,,,,ASV3710,,ASV850
,,,,ASV3721,,ASV872
,,,,ASV3956,,ASV1128
,,,,ASV3976,,ASV1143
,,,,ASV4028,,ASV786
,,,,ASV4033,,ASV861
,,,,ASV4094,,ASV1053
,,,,ASV4174,,ASV1104
,,,,ASV4182,,ASV1174
,,,,ASV4261,,ASV1214
,,,,ASV4270,,ASV1228
,,,,ASV4307,,ASV1514
,,,,ASV4707,,ASV1691
,,,,ASV4735,,ASV1255
,,,,ASV4850,,ASV1986
,,,,ASV4920,,ASV3752
,,,,ASV4991,,ASV4004
,,,,ASV5065,,ASV4396
,,,,ASV5089,,ASV914
,,,,ASV5093,,ASV950
,,,,ASV5206,,ASV1034
,,,,ASV5259,,ASV1037
,,,,ASV5335,,ASV1050
,,,,ASV5371,,ASV1121
,,,,ASV5729,,ASV1204
,,,,ASV5806,,ASV962
,,,,ASV5857,,ASV999
,,,,ASV3600,,ASV1011
,,,,ASV3747,,ASV1026
,,,,ASV3945,,ASV1186
,,,,ASV3966,,ASV1985
,,,,ASV3988,,ASV855
,,,,ASV4013,,ASV994
,,,,ASV4054,,ASV1001
,,,,ASV4098,,ASV1048
,,,,ASV4122,,ASV1054
,,,,ASV4146,,ASV5569
,,,,ASV4193,,ASV946
,,,,ASV4244,,ASV1043
,,,,ASV4258,,ASV1098
,,,,ASV4324,,ASV930
,,,,ASV4371,,ASV948
,,,,ASV4431,,ASV982
,,,,ASV4511,,ASV997
,,,,ASV4530,,ASV1133
,,,,ASV4597,,ASV1236
,,,,ASV4606,,ASV1403
,,,,ASV4645,,ASV1502
,,,,ASV4688,,ASV995
,,,,ASV4746,,ASV1070
,,,,ASV5117,,ASV2777
,,,,ASV5133,,ASV911
,,,,ASV5195,,ASV933
,,,,ASV5219,,ASV1055
,,,,ASV5299,,ASV1061
,,,,ASV5338,,ASV1075
,,,,ASV5402,,ASV1091
,,,,ASV5411,,ASV1110
,,,,ASV5424,,ASV1115
,,,,ASV5504,,ASV1116
,,,,ASV5696,,ASV1345
,,,,ASV5704,,ASV1607
,,,,ASV5743,,ASV822
,,,,ASV5816,,ASV935
,,,,ASV5915,,ASV1017
,,,,ASV2996,,ASV1195
,,,,ASV3734,,ASV2721
,,,,ASV3870,,ASV2835
,,,,ASV3897,,ASV867
,,,,ASV3992,,ASV883
,,,,ASV4065,,ASV905
,,,,ASV4091,,ASV961
,,,,ASV4099,,ASV1105
,,,,ASV4115,,ASV1763
,,,,ASV4153,,ASV2532
,,,,ASV4167,,ASV899
,,,,ASV4199,,ASV987
,,,,ASV4293,,ASV1141
,,,,ASV4296,,ASV2361
,,,,ASV4478,,ASV4454
,,,,ASV4544,,ASV971
,,,,ASV4623,,ASV1028
,,,,ASV4638,,ASV1052
,,,,ASV4713,,ASV1078
,,,,ASV4753,,ASV1109
,,,,ASV4808,,ASV3995
,,,,ASV4818,,ASV874
,,,,ASV5039,,ASV900
,,,,ASV5254,,ASV1120
,,,,ASV5266,,ASV1196
,,,,ASV5267,,ASV1411
,,,,ASV5277,,ASV1424
,,,,ASV5318,,ASV2383
,,,,ASV5345,,ASV5931
,,,,ASV5392,,ASV967
,,,,ASV5421,,ASV1006
,,,,ASV5439,,ASV1009
,,,,ASV5463,,ASV1019
,,,,ASV5501,,ASV1027
,,,,ASV5533,,ASV1049
,,,,ASV5628,,ASV1273
,,,,ASV5640,,ASV1095
,,,,ASV5691,,ASV1157
,,,,ASV5809,,ASV1203
,,,,ASV5918,,ASV1879
,,,,ASV5938,,ASV945
,,,,ASV3635,,ASV978
,,,,ASV3699,,ASV1004
,,,,ASV3847,,ASV1035
,,,,ASV3895,,ASV1158
,,,,ASV3905,,ASV1378
,,,,ASV3942,,ASV1468
,,,,ASV4036,,ASV973
,,,,ASV4090,,ASV1005
,,,,ASV4156,,ASV1080
,,,,ASV4214,,ASV1101
,,,,ASV4283,,ASV1137
,,,,ASV4318,,ASV1172
,,,,ASV4334,,ASV1181
,,,,ASV4386,,ASV1382
,,,,ASV4389,,ASV3861
,,,,ASV4421,,ASV951
,,,,ASV4436,,ASV1024
,,,,ASV4447,,ASV1042
,,,,ASV4477,,ASV1167
,,,,ASV4567,,ASV1213
,,,,ASV4772,,ASV1272
,,,,ASV4795,,ASV1296
,,,,ASV4831,,ASV1458
,,,,ASV4862,,ASV1517
,,,,ASV4903,,ASV1540
,,,,ASV5038,,ASV1586
,,,,ASV5050,,ASV1650
,,,,ASV5060,,ASV791
,,,,ASV5141,,ASV849
,,,,ASV5146,,ASV949
,,,,ASV5150,,ASV1032
,,,,ASV5167,,ASV1097
,,,,ASV5324,,ASV1130
,,,,ASV5405,,ASV1215
,,,,ASV5407,,ASV1463
,,,,ASV5477,,ASV924
,,,,ASV5693,,ASV977
,,,,ASV5753,,ASV1155
,,,,ASV5776,,ASV1295
,,,,ASV5813,,ASV1433
,,,,ASV3615,,ASV1703
,,,,ASV3619,,ASV908
,,,,ASV3723,,ASV909
,,,,ASV3764,,ASV991
,,,,ASV3949,,ASV1102
,,,,ASV3965,,ASV1114
,,,,ASV4161,,ASV1309
,,,,ASV4168,,ASV1324
,,,,ASV4172,,ASV1346
,,,,ASV4221,,ASV1353
,,,,ASV4255,,ASV1534
,,,,ASV4271,,ASV2379
,,,,ASV4360,,ASV988
,,,,ASV4367,,ASV1079
,,,,ASV4452,,ASV1234
,,,,ASV4481,,ASV1276
,,,,ASV4575,,ASV1305
,,,,ASV4591,,ASV2511
,,,,ASV4667,,ASV4272
,,,,ASV4925,,ASV916
,,,,ASV4926,,ASV1014
,,,,ASV4940,,ASV1047
,,,,ASV5000,,ASV1065
,,,,ASV5001,,ASV1072
,,,,ASV5034,,ASV1113
,,,,ASV5035,,ASV1118
,,,,ASV5036,,ASV1147
,,,,ASV5037,,ASV1294
,,,,ASV5127,,ASV1541
,,,,ASV5128,,ASV974
,,,,ASV5160,,ASV1023
,,,,ASV5188,,ASV1076
,,,,ASV5235,,ASV1084
,,,,ASV5332,,ASV1212
,,,,ASV5355,,ASV1221
,,,,ASV5398,,ASV1319
,,,,ASV5414,,ASV1778
,,,,ASV5429,,ASV2290
,,,,ASV5476,,ASV984
,,,,ASV5517,,ASV1197
,,,,ASV5526,,ASV1202
,,,,ASV5645,,ASV1280
,,,,ASV5671,,ASV1561
,,,,ASV5678,,ASV5763
,,,,ASV5689,,ASV1058
,,,,ASV5840,,ASV1148
,,,,ASV5917,,ASV1438
,,,,ASV5933,,ASV1536
,,,,ASV5952,,ASV1620
,,,,ASV3947,,ASV5097
,,,,ASV4194,,ASV1044
,,,,ASV4230,,ASV1111
,,,,ASV4267,,ASV1149
,,,,ASV4303,,ASV1199
,,,,ASV4340,,ASV1251
,,,,ASV4361,,ASV1261
,,,,ASV4469,,ASV1264
,,,,ASV4498,,ASV1342
,,,,ASV4535,,ASV2440
,,,,ASV4705,,ASV1139
,,,,ASV4717,,ASV1145
,,,,ASV4728,,ASV1259
,,,,ASV4732,,ASV975
,,,,ASV4782,,ASV1020
,,,,ASV4827,,ASV1159
,,,,ASV4965,,ASV1177
,,,,ASV4997,,ASV1180
,,,,ASV5007,,ASV1188
,,,,ASV5031,,ASV1205
,,,,ASV5046,,ASV1277
,,,,ASV5064,,ASV1340
,,,,ASV5072,,ASV1369
,,,,ASV5086,,ASV1395
,,,,ASV5119,,ASV1033
,,,,ASV5209,,ASV1060
,,,,ASV5212,,ASV1225
,,,,ASV5229,,ASV1286
,,,,ASV5281,,ASV1487
,,,,ASV5415,,ASV2530
,,,,ASV5513,,ASV2597
,,,,ASV5730,,ASV1063
,,,,ASV5746,,ASV1067
,,,,ASV5748,,ASV1094
,,,,ASV5777,,ASV1163
,,,,ASV5805,,ASV1222
,,,,ASV5812,,ASV1292
,,,,ASV5819,,ASV1311
,,,,ASV5843,,ASV1321
,,,,ASV5908,,ASV1361
,,,,ASV4073,,ASV1396
,,,,ASV4162,,ASV1527
,,,,ASV4287,,ASV969
,,,,ASV4337,,ASV1022
,,,,ASV4526,,ASV1056
,,,,ASV4589,,ASV1191
,,,,ASV4608,,ASV1219
,,,,ASV4647,,ASV1223
,,,,ASV4682,,ASV1257
,,,,ASV4702,,ASV1355
,,,,ASV4740,,ASV1532
,,,,ASV4749,,ASV2026
,,,,ASV4773,,ASV2333
,,,,ASV4806,,ASV2585
,,,,ASV4812,,ASV3900
,,,,ASV4840,,ASV1036
,,,,ASV4856,,ASV1198
,,,,ASV4857,,ASV1231
,,,,ASV4866,,ASV1288
,,,,ASV4867,,ASV1331
,,,,ASV4872,,ASV1337
,,,,ASV4945,,ASV1442
,,,,ASV5011,,ASV3702
,,,,ASV5125,,ASV3806
,,,,ASV5152,,ASV4501
,,,,ASV5222,,ASV5291
,,,,ASV5262,,ASV5525
,,,,ASV5274,,ASV5675
,,,,ASV5396,,ASV1059
,,,,ASV5498,,ASV1083
,,,,ASV5530,,ASV1233
,,,,ASV5573,,ASV1298
,,,,ASV5610,,ASV1428
,,,,ASV5666,,ASV1476
,,,,ASV5780,,ASV1520
,,,,ASV5879,,ASV1165
,,,,ASV5885,,ASV1224
,,,,ASV4152,,ASV1252
,,,,ASV4402,,ASV1269
,,,,ASV4403,,ASV1451
,,,,ASV4425,,ASV1576
,,,,ASV4449,,ASV2185
,,,,ASV4519,,ASV5250
,,,,ASV4539,,ASV1134
,,,,ASV4662,,ASV1140
,,,,ASV4738,,ASV1176
,,,,ASV4820,,ASV1240
,,,,ASV4828,,ASV1274
,,,,ASV4874,,ASV1293
,,,,ASV4931,,ASV1363
,,,,ASV4933,,ASV1407
,,,,ASV4971,,ASV1816
,,,,ASV4990,,ASV2270
,,,,ASV5054,,ASV1154
,,,,ASV5158,,ASV1185
,,,,ASV5185,,ASV1216
,,,,ASV5208,,ASV1315
,,,,ASV5214,,ASV1499
,,,,ASV5232,,ASV1609
,,,,ASV5276,,ASV1766
,,,,ASV5300,,ASV2189
,,,,ASV5445,,ASV972
,,,,ASV5457,,ASV1064
,,,,ASV5505,,ASV1096
,,,,ASV5546,,ASV1108
,,,,ASV5586,,ASV1408
,,,,ASV5588,,ASV1426
,,,,ASV5609,,ASV1440
,,,,ASV5668,,ASV1497
,,,,ASV5682,,ASV1513
,,,,ASV5728,,ASV1531
,,,,ASV5795,,ASV1974
,,,,ASV5818,,ASV1129
,,,,ASV5822,,ASV1253
,,,,ASV5886,,ASV1266
,,,,ASV5893,,ASV1303
,,,,ASV3873,,ASV1429
,,,,ASV4251,,ASV1489
,,,,ASV4276,,ASV1557
,,,,ASV4395,,ASV1615
,,,,ASV4766,,ASV3583
,,,,ASV4915,,ASV1125
,,,,ASV4942,,ASV1247
,,,,ASV4943,,ASV1339
,,,,ASV5047,,ASV1375
,,,,ASV5111,,ASV1404
,,,,ASV5131,,ASV1570
,,,,ASV5181,,ASV2282
,,,,ASV5243,,ASV3258
,,,,ASV5313,,ASV3570
,,,,ASV5321,,ASV4952
,,,,ASV5447,,ASV1156
,,,,ASV5473,,ASV1208
,,,,ASV5506,,ASV1509
,,,,ASV5603,,ASV1524
,,,,ASV5631,,ASV1707
,,,,ASV5637,,ASV1858
,,,,ASV5641,,ASV1941
,,,,ASV5674,,ASV3631
,,,,ASV5679,,ASV1008
,,,,ASV5718,,ASV1368
,,,,ASV5723,,ASV1584
,,,,ASV5754,,ASV1889
,,,,ASV5797,,ASV1142
,,,,ASV5877,,ASV1351
,,,,ASV5911,,ASV1352
,,,,ASV5932,,ASV1383
,,,,ASV5939,,ASV1432
,,,,ASV4423,,ASV1469
,,,,ASV4491,,ASV1595
,,,,ASV4699,,ASV2155
,,,,ASV4726,,ASV2940
,,,,ASV4785,,ASV1170
,,,,ASV4865,,ASV1230
,,,,ASV4868,,ASV1239
,,,,ASV4898,,ASV1304
,,,,ASV4936,,ASV1397
,,,,ASV5091,,ASV1483
,,,,ASV5092,,ASV1624
,,,,ASV5294,,ASV1634
,,,,ASV5367,,ASV1740
,,,,ASV5495,,ASV1754
,,,,ASV5496,,ASV4439
,,,,ASV5522,,ASV1151
,,,,ASV5591,,ASV1220
,,,,ASV5639,,ASV1306
,,,,ASV5650,,ASV1423
,,,,ASV5785,,ASV1484
,,,,ASV5898,,ASV1535
,,,,ASV5930,,ASV1877
,,,,ASV4652,,ASV2404
,,,,ASV4776,,ASV1089
,,,,ASV4970,,ASV1299
,,,,ASV5094,,ASV1371
,,,,ASV5269,,ASV1391
,,,,ASV5360,,ASV1473
,,,,ASV5425,,ASV1554
,,,,ASV5508,,ASV1574
,,,,ASV5523,,ASV1765
,,,,ASV5534,,ASV1947
,,,,ASV5535,,ASV1146
,,,,ASV5583,,ASV1248
,,,,ASV5602,,ASV1316
,,,,ASV5630,,ASV1419
,,,,ASV5642,,ASV1471
,,,,ASV5658,,ASV1543
,,,,ASV5700,,ASV1558
,,,,ASV5731,,ASV1728
,,,,ASV5771,,ASV1827
,,,,ASV5896,,ASV1885
,,,,ASV4700,,ASV2103
,,,,ASV4819,,ASV3962
,,,,ASV4843,,ASV1265
,,,,ASV4881,,ASV1335
,,,,ASV4934,,ASV1366
,,,,ASV4956,,ASV1410
,,,,ASV4957,,ASV1439
,,,,ASV4972,,ASV1446
,,,,ASV5193,,ASV1455
,,,,ASV5288,,ASV1678
,,,,ASV5328,,ASV1962
,,,,ASV5545,,ASV3912
,,,,ASV5566,,ASV1250
,,,,ASV5570,,ASV1313
,,,,ASV5665,,ASV1350
,,,,ASV5761,,ASV1456
,,,,ASV5793,,ASV1477
,,,,ASV5821,,ASV1525
,,,,ASV5170,,ASV2087
,,,,ASV5176,,ASV2173
,,,,ASV5459,,ASV3541
,,,,ASV5465,,ASV4966
,,,,ASV5524,,ASV1175
,,,,ASV5564,,ASV1282
,,,,ASV5634,,ASV1348
,,,,ASV5707,,ASV1450
,,,,ASV5792,,ASV1530
,,,,ASV5811,,ASV1537
,,,,ASV5863,,ASV1640
,,,,ASV4701,,ASV1898
,,,,ASV4743,,ASV2477
,,,,ASV5624,,ASV2958
,,,,ASV5774,,ASV5565
,,,,ASV5205,,ASV1437
,,,,ASV5659,,ASV1453
,,,,,,ASV1474
,,,,,,ASV1515
,,,,,,ASV1611
,,,,,,ASV1643
,,,,,,ASV1681
,,,,,,ASV1759
,,,,,,ASV1772
,,,,,,ASV1806
,,,,,,ASV1812
,,,,,,ASV2064
,,,,,,ASV3112
,,,,,,ASV1153
,,,,,,ASV1284
,,,,,,ASV1285
,,,,,,ASV1322
,,,,,,ASV1347
,,,,,,ASV1593
,,,,,,ASV1619
,,,,,,ASV1672
,,,,,,ASV2240
,,,,,,ASV2906
,,,,,,ASV2908
,,,,,,ASV3889
,,,,,,ASV1200
,,,,,,ASV1263
,,,,,,ASV1310
,,,,,,ASV1388
,,,,,,ASV1393
,,,,,,ASV1501
,,,,,,ASV1597
,,,,,,ASV1629
,,,,,,ASV1715
,,,,,,ASV1799
,,,,,,ASV2243
,,,,,,ASV2359
,,,,,,ASV1168
,,,,,,ASV1193
,,,,,,ASV1386
,,,,,,ASV1387
,,,,,,ASV1406
,,,,,,ASV1512
,,,,,,ASV1521
,,,,,,ASV1714
,,,,,,ASV1760
,,,,,,ASV2017
,,,,,,ASV2204
,,,,,,ASV3368
,,,,,,ASV5638
,,,,,,ASV1131
,,,,,,ASV1412
,,,,,,ASV1421
,,,,,,ASV1427
,,,,,,ASV1332
,,,,,,ASV1344
,,,,,,ASV1402
,,,,,,ASV1448
,,,,,,ASV1511
,,,,,,ASV1569
,,,,,,ASV1583
,,,,,,ASV1588
,,,,,,ASV1724
,,,,,,ASV1859
,,,,,,ASV1903
,,,,,,ASV2114
,,,,,,ASV2175
,,,,,,ASV2280
,,,,,,ASV1171
,,,,,,ASV1538
,,,,,,ASV1555
,,,,,,ASV1556
,,,,,,ASV1605
,,,,,,ASV1747
,,,,,,ASV2564
,,,,,,ASV1283
,,,,,,ASV1359
,,,,,,ASV1441
,,,,,,ASV1454
,,,,,,ASV1494
,,,,,,ASV1563
,,,,,,ASV1902
,,,,,,ASV3255
,,,,,,ASV1307
,,,,,,ASV1417
,,,,,,ASV1495
,,,,,,ASV1602
,,,,,,ASV1621
,,,,,,ASV1914
,,,,,,ASV1978
,,,,,,ASV2102
,,,,,,ASV2394
,,,,,,ASV2560
,,,,,,ASV5490
,,,,,,ASV1385
,,,,,,ASV1505
,,,,,,ASV1664
,,,,,,ASV1669
,,,,,,ASV1804
,,,,,,ASV2660
,,,,,,ASV2705
,,,,,,ASV3529
,,,,,,ASV1394
,,,,,,ASV1485
,,,,,,ASV1604
,,,,,,ASV1645
,,,,,,ASV1761
,,,,,,ASV1789
,,,,,,ASV1892
,,,,,,ASV2384
,,,,,,ASV2448
,,,,,,ASV3218
,,,,,,ASV5462
,,,,,,ASV1314
,,,,,,ASV1328
,,,,,,ASV1362
,,,,,,ASV1422
,,,,,,ASV1434
,,,,,,ASV1516
,,,,,,ASV1542
,,,,,,ASV1685
,,,,,,ASV1757
,,,,,,ASV1821
,,,,,,ASV1896
,,,,,,ASV2213
,,,,,,ASV3099
,,,,,,ASV4173
,,,,,,ASV5140
,,,,,,ASV1373
,,,,,,ASV1436
,,,,,,ASV1503
,,,,,,ASV1625
,,,,,,ASV1628
,,,,,,ASV1721
,,,,,,ASV1744
,,,,,,ASV1989
,,,,,,ASV2039
,,,,,,ASV2091
,,,,,,ASV2092
,,,,,,ASV2177
,,,,,,ASV2220
,,,,,,ASV1268
,,,,,,ASV1462
,,,,,,ASV1480
,,,,,,ASV1529
,,,,,,ASV1631
,,,,,,ASV1733
,,,,,,ASV1734
,,,,,,ASV1745
,,,,,,ASV1776
,,,,,,ASV2491
,,,,,,ASV2635
,,,,,,ASV4673
,,,,,,ASV4968
,,,,,,ASV5820
,,,,,,ASV1357
,,,,,,ASV1364
,,,,,,ASV1399
,,,,,,ASV1526
,,,,,,ASV1564
,,,,,,ASV1658
,,,,,,ASV1665
,,,,,,ASV1666
,,,,,,ASV1915
,,,,,,ASV1977
,,,,,,ASV2158
,,,,,,ASV2326
,,,,,,ASV2392
,,,,,,ASV5698
,,,,,,ASV1507
,,,,,,ASV1568
,,,,,,ASV1580
,,,,,,ASV1608
,,,,,,ASV1651
,,,,,,ASV1769
,,,,,,ASV1825
,,,,,,ASV1894
,,,,,,ASV1969
,,,,,,ASV2019
,,,,,,ASV2817
,,,,,,ASV3158
,,,,,,ASV3554
,,,,,,ASV1465
,,,,,,ASV1488
,,,,,,ASV1496
,,,,,,ASV1553
,,,,,,ASV1654
,,,,,,ASV1698
,,,,,,ASV1699
,,,,,,ASV1718
,,,,,,ASV1790
,,,,,,ASV1811
,,,,,,ASV1929
,,,,,,ASV2741
,,,,,,ASV3169
,,,,,,ASV1504
,,,,,,ASV1573
,,,,,,ASV1600
,,,,,,ASV1657
,,,,,,ASV1677
,,,,,,ASV1700
,,,,,,ASV1731
,,,,,,ASV1868
,,,,,,ASV1873
,,,,,,ASV1895
,,,,,,ASV1937
,,,,,,ASV1966
,,,,,,ASV1996
,,,,,,ASV2073
,,,,,,ASV2975
,,,,,,ASV1464
,,,,,,ASV1481
,,,,,,ASV1591
,,,,,,ASV1614
,,,,,,ASV1656
,,,,,,ASV1684
,,,,,,ASV1801
,,,,,,ASV1912
,,,,,,ASV1955
,,,,,,ASV2284
,,,,,,ASV2435
,,,,,,ASV2567
,,,,,,ASV3917
,,,,,,ASV3959
,,,,,,ASV5172
,,,,,,ASV1470
,,,,,,ASV1682
,,,,,,ASV1706
,,,,,,ASV1997
,,,,,,ASV2161
,,,,,,ASV2176
,,,,,,ASV2354
,,,,,,ASV2675
,,,,,,ASV2697
,,,,,,ASV3038
,,,,,,ASV3713
,,,,,,ASV3863
,,,,,,ASV1491
,,,,,,ASV1498
,,,,,,ASV1500
,,,,,,ASV1578
,,,,,,ASV1636
,,,,,,ASV1649
,,,,,,ASV1729
,,,,,,ASV2013
,,,,,,ASV2046
,,,,,,ASV2076
,,,,,,ASV2242
,,,,,,ASV2485
,,,,,,ASV2658
,,,,,,ASV2785
,,,,,,ASV4110
,,,,,,ASV4273
,,,,,,ASV5651
,,,,,,ASV5660
,,,,,,ASV1457
,,,,,,ASV1560
,,,,,,ASV1617
,,,,,,ASV1633
,,,,,,ASV1638
,,,,,,ASV1668
,,,,,,ASV1727
,,,,,,ASV1780
,,,,,,ASV1794
,,,,,,ASV1822
,,,,,,ASV1834
,,,,,,ASV1878
,,,,,,ASV1891
,,,,,,ASV1904
,,,,,,ASV1911
,,,,,,ASV2116
,,,,,,ASV2356
,,,,,,ASV2409
,,,,,,ASV2568
,,,,,,ASV2698
,,,,,,ASV3167
,,,,,,ASV4008
,,,,,,ASV1479
,,,,,,ASV1655
,,,,,,ASV1689
,,,,,,ASV1708
,,,,,,ASV1720
,,,,,,ASV1743
,,,,,,ASV1786
,,,,,,ASV1813
,,,,,,ASV1835
,,,,,,ASV1880
,,,,,,ASV2043
,,,,,,ASV2056
,,,,,,ASV2063
,,,,,,ASV2216
,,,,,,ASV2221
,,,,,,ASV2304
,,,,,,ASV2385
,,,,,,ASV2393
,,,,,,ASV2979
,,,,,,ASV4302
,,,,,,ASV1545
,,,,,,ASV1606
,,,,,,ASV1635
,,,,,,ASV1713
,,,,,,ASV1719
,,,,,,ASV1750
,,,,,,ASV1796
,,,,,,ASV1856
,,,,,,ASV1888
,,,,,,ASV1939
,,,,,,ASV2436
,,,,,,ASV2870
,,,,,,ASV1596
,,,,,,ASV1623
,,,,,,ASV1676
,,,,,,ASV1697
,,,,,,ASV1817
,,,,,,ASV2104
,,,,,,ASV2260
,,,,,,ASV2604
,,,,,,ASV2672
,,,,,,ASV2722
,,,,,,ASV2730
,,,,,,ASV2956
,,,,,,ASV4616
,,,,,,ASV1544
,,,,,,ASV1632
,,,,,,ASV1779
,,,,,,ASV1803
,,,,,,ASV1872
,,,,,,ASV1886
,,,,,,ASV1925
,,,,,,ASV2024
,,,,,,ASV2117
,,,,,,ASV2250
,,,,,,ASV2338
,,,,,,ASV2453
,,,,,,ASV2621
,,,,,,ASV3240
,,,,,,ASV4569
,,,,,,ASV4604
,,,,,,ASV4764
,,,,,,ASV1472
,,,,,,ASV1659
,,,,,,ASV1667
,,,,,,ASV1732
,,,,,,ASV1784
,,,,,,ASV1832
,,,,,,ASV1909
,,,,,,ASV1934
,,,,,,ASV1956
,,,,,,ASV2035
,,,,,,ASV2337
,,,,,,ASV2545
,,,,,,ASV2614
,,,,,,ASV2737
,,,,,,ASV3377
,,,,,,ASV3500
,,,,,,ASV3910
,,,,,,ASV1547
,,,,,,ASV1548
,,,,,,ASV1755
,,,,,,ASV1805
,,,,,,ASV1865
,,,,,,ASV1875
,,,,,,ASV1899
,,,,,,ASV1907
,,,,,,ASV1936
,,,,,,ASV1961
,,,,,,ASV1971
,,,,,,ASV2021
,,,,,,ASV2029
,,,,,,ASV2051
,,,,,,ASV2057
,,,,,,ASV2094
,,,,,,ASV2174
,,,,,,ASV2306
,,,,,,ASV2758
,,,,,,ASV3449
,,,,,,ASV3521
,,,,,,ASV3644
,,,,,,ASV3768
,,,,,,ASV1738
,,,,,,ASV1771
,,,,,,ASV1838
,,,,,,ASV1874
,,,,,,ASV1960
,,,,,,ASV2002
,,,,,,ASV2081
,,,,,,ASV2166
,,,,,,ASV2271
,,,,,,ASV2344
,,,,,,ASV2546
,,,,,,ASV3018
,,,,,,ASV3297
,,,,,,ASV3982
,,,,,,ASV1523
,,,,,,ASV1598
,,,,,,ASV1693
,,,,,,ASV1758
,,,,,,ASV1788
,,,,,,ASV1833
,,,,,,ASV1836
,,,,,,ASV1949
,,,,,,ASV2000
,,,,,,ASV2088
,,,,,,ASV2089
,,,,,,ASV2301
,,,,,,ASV4854
,,,,,,ASV1680
,,,,,,ASV1709
,,,,,,ASV1741
,,,,,,ASV1808
,,,,,,ASV1810
,,,,,,ASV1924
,,,,,,ASV1933
,,,,,,ASV1998
,,,,,,ASV2062
,,,,,,ASV2070
,,,,,,ASV2360
,,,,,,ASV2459
,,,,,,ASV2500
,,,,,,ASV3065
,,,,,,ASV3168
,,,,,,ASV3693
,,,,,,ASV3842
,,,,,,ASV4069
,,,,,,ASV5049
,,,,,,ASV5210
,,,,,,ASV1749
,,,,,,ASV1792
,,,,,,ASV1814
,,,,,,ASV1869
,,,,,,ASV1917
,,,,,,ASV1981
,,,,,,ASV2067
,,,,,,ASV2093
,,,,,,ASV2098
,,,,,,ASV2131
,,,,,,ASV2146
,,,,,,ASV2150
,,,,,,ASV2251
,,,,,,ASV2668
,,,,,,ASV2716
,,,,,,ASV3087
,,,,,,ASV3313
,,,,,,ASV3517
,,,,,,ASV4206
,,,,,,ASV5394
,,,,,,ASV5574
,,,,,,ASV5756
,,,,,,ASV1613
,,,,,,ASV1695
,,,,,,ASV1748
,,,,,,ASV1824
,,,,,,ASV1906
,,,,,,ASV1959
,,,,,,ASV1965
,,,,,,ASV2118
,,,,,,ASV2212
,,,,,,ASV2366
,,,,,,ASV2523
,,,,,,ASV2582
,,,,,,ASV2766
,,,,,,ASV2837
,,,,,,ASV3316
,,,,,,ASV3414
,,,,,,ASV4400
,,,,,,ASV5841
,,,,,,ASV1661
,,,,,,ASV1802
,,,,,,ASV1887
,,,,,,ASV1908
,,,,,,ASV1918
,,,,,,ASV1953
,,,,,,ASV1976
,,,,,,ASV2030
,,,,,,ASV2055
,,,,,,ASV2108
,,,,,,ASV2433
,,,,,,ASV2439
,,,,,,ASV2795
,,,,,,ASV2841
,,,,,,ASV2852
,,,,,,ASV2997
,,,,,,ASV3163
,,,,,,ASV3362
,,,,,,ASV3876
,,,,,,ASV4097
,,,,,,ASV4326
,,,,,,ASV1510
,,,,,,ASV1663
,,,,,,ASV1922
,,,,,,ASV1990
,,,,,,ASV2044
,,,,,,ASV2085
,,,,,,ASV2097
,,,,,,ASV2134
,,,,,,ASV2136
,,,,,,ASV2156
,,,,,,ASV2180
,,,,,,ASV2188
,,,,,,ASV2274
,,,,,,ASV2292
,,,,,,ASV2455
,,,,,,ASV2654
,,,,,,ASV3048
,,,,,,ASV3328
,,,,,,ASV3446
,,,,,,ASV3931
,,,,,,ASV4694
,,,,,,ASV5422
,,,,,,ASV1627
,,,,,,ASV1756
,,,,,,ASV1807
,,,,,,ASV1863
,,,,,,ASV1979
,,,,,,ASV2025
,,,,,,ASV2034
,,,,,,ASV2106
,,,,,,ASV2126
,,,,,,ASV2138
,,,,,,ASV2152
,,,,,,ASV2232
,,,,,,ASV2254
,,,,,,ASV2268
,,,,,,ASV2269
,,,,,,ASV2309
,,,,,,ASV2341
,,,,,,ASV2388
,,,,,,ASV2461
,,,,,,ASV2521
,,,,,,ASV2807
,,,,,,ASV3084
,,,,,,ASV3800
,,,,,,ASV4208
,,,,,,ASV5041
,,,,,,ASV1795
,,,,,,ASV1846
,,,,,,ASV1848
,,,,,,ASV1867
,,,,,,ASV2115
,,,,,,ASV2128
,,,,,,ASV2147
,,,,,,ASV2331
,,,,,,ASV2349
,,,,,,ASV2413
,,,,,,ASV2617
,,,,,,ASV2665
,,,,,,ASV2822
,,,,,,ASV3041
,,,,,,ASV4382
,,,,,,ASV4513
,,,,,,ASV5029
,,,,,,ASV1675
,,,,,,ASV1767
,,,,,,ASV1850
,,,,,,ASV1980
,,,,,,ASV1984
,,,,,,ASV1988
,,,,,,ASV2031
,,,,,,ASV2042
,,,,,,ASV2219
,,,,,,ASV2224
,,,,,,ASV2226
,,,,,,ASV2228
,,,,,,ASV2261
,,,,,,ASV2305
,,,,,,ASV2400
,,,,,,ASV2417
,,,,,,ASV2476
,,,,,,ASV2637
,,,,,,ASV2782
,,,,,,ASV2819
,,,,,,ASV2924
,,,,,,ASV3231
,,,,,,ASV3314
,,,,,,ASV3756
,,,,,,ASV4046
,,,,,,ASV4404
,,,,,,ASV4414
,,,,,,ASV4435
,,,,,,ASV1725
,,,,,,ASV1751
,,,,,,ASV1837
,,,,,,ASV1851
,,,,,,ASV2122
,,,,,,ASV2127
,,,,,,ASV2162
,,,,,,ASV2191
,,,,,,ASV2197
,,,,,,ASV2248
,,,,,,ASV2297
,,,,,,ASV2347
,,,,,,ASV2425
,,,,,,ASV2480
,,,,,,ASV2699
,,,,,,ASV2719
,,,,,,ASV2743
,,,,,,ASV2963
,,,,,,ASV3707
,,,,,,ASV3791
,,,,,,ASV4111
,,,,,,ASV5082
,,,,,,ASV5311
,,,,,,ASV5409
,,,,,,ASV5786
,,,,,,ASV1726
,,,,,,ASV1954
,,,,,,ASV2020
,,,,,,ASV2077
,,,,,,ASV2298
,,,,,,ASV2318
,,,,,,ASV2336
,,,,,,ASV2395
,,,,,,ASV2456
,,,,,,ASV2522
,,,,,,ASV2676
,,,,,,ASV2729
,,,,,,ASV2781
,,,,,,ASV3062
,,,,,,ASV3070
,,,,,,ASV3586
,,,,,,ASV3718
,,,,,,ASV3856
,,,,,,ASV4088
,,,,,,ASV4378
,,,,,,ASV4796
,,,,,,ASV5178
,,,,,,ASV1864
,,,,,,ASV1866
,,,,,,ASV2167
,,,,,,ASV2169
,,,,,,ASV2207
,,,,,,ASV2252
,,,,,,ASV2273
,,,,,,ASV2329
,,,,,,ASV2334
,,,,,,ASV2340
,,,,,,ASV2376
,,,,,,ASV2468
,,,,,,ASV2514
,,,,,,ASV2710
,,,,,,ASV2767
,,,,,,ASV2847
,,,,,,ASV3129
,,,,,,ASV3304
,,,,,,ASV3341
,,,,,,ASV3650
,,,,,,ASV4703
,,,,,,ASV1862
,,,,,,ASV1938
,,,,,,ASV1982
,,,,,,ASV2086
,,,,,,ASV2101
,,,,,,ASV2113
,,,,,,ASV2210
,,,,,,ASV2245
,,,,,,ASV2264
,,,,,,ASV2266
,,,,,,ASV2466
,,,,,,ASV2556
,,,,,,ASV2594
,,,,,,ASV2680
,,,,,,ASV2901
,,,,,,ASV2960
,,,,,,ASV3609
,,,,,,ASV5305
,,,,,,ASV1797
,,,,,,ASV1843
,,,,,,ASV1910
,,,,,,ASV1948
,,,,,,ASV1987
,,,,,,ASV2003
,,,,,,ASV2012
,,,,,,ASV2095
,,,,,,ASV2119
,,,,,,ASV2257
,,,,,,ASV2335
,,,,,,ASV2389
,,,,,,ASV2492
,,,,,,ASV2591
,,,,,,ASV2712
,,,,,,ASV2763
,,,,,,ASV2925
,,,,,,ASV3069
,,,,,,ASV3154
,,,,,,ASV3157
,,,,,,ASV3229
,,,,,,ASV3546
,,,,,,ASV4003
,,,,,,ASV5095
,,,,,,ASV5598
,,,,,,ASV1753
,,,,,,ASV1893
,,,,,,ASV1901
,,,,,,ASV2061
,,,,,,ASV2072
,,,,,,ASV2074
,,,,,,ASV2125
,,,,,,ASV2148
,,,,,,ASV2184
,,,,,,ASV2205
,,,,,,ASV2247
,,,,,,ASV2258
,,,,,,ASV2348
,,,,,,ASV2407
,,,,,,ASV2571
,,,,,,ASV2627
,,,,,,ASV2922
,,,,,,ASV3054
,,,,,,ASV3198
,,,,,,ASV3467
,,,,,,ASV3491
,,,,,,ASV4114
,,,,,,ASV1819
,,,,,,ASV1900
,,,,,,ASV1999
,,,,,,ASV2190
,,,,,,ASV2234
,,,,,,ASV2246
,,,,,,ASV2401
,,,,,,ASV2488
,,,,,,ASV2528
,,,,,,ASV2707
,,,,,,ASV2848
,,,,,,ASV2886
,,,,,,ASV2939
,,,,,,ASV3122
,,,,,,ASV3164
,,,,,,ASV3252
,,,,,,ASV3531
,,,,,,ASV3567
,,,,,,ASV3683
,,,,,,ASV3888
,,,,,,ASV3903
,,,,,,ASV4150
,,,,,,ASV4555
,,,,,,ASV4768
,,,,,,ASV4975
,,,,,,ASV5059
,,,,,,ASV5295
,,,,,,ASV5648
,,,,,,ASV1882
,,,,,,ASV1921
,,,,,,ASV2022
,,,,,,ASV2090
,,,,,,ASV2110
,,,,,,ASV2172
,,,,,,ASV2199
,,,,,,ASV2238
,,,,,,ASV2253
,,,,,,ASV2324
,,,,,,ASV2346
,,,,,,ASV2375
,,,,,,ASV2469
,,,,,,ASV2562
,,,,,,ASV2625
,,,,,,ASV2655
,,,,,,ASV2714
,,,,,,ASV2928
,,,,,,ASV3177
,,,,,,ASV3289
,,,,,,ASV3330
,,,,,,ASV3425
,,,,,,ASV4848
,,,,,,ASV4896
,,,,,,ASV5106
,,,,,,ASV1847
,,,,,,ASV1905
,,,,,,ASV2009
,,,,,,ASV2018
,,,,,,ASV2143
,,,,,,ASV2222
,,,,,,ASV2294
,,,,,,ASV2380
,,,,,,ASV2396
,,,,,,ASV2487
,,,,,,ASV2490
,,,,,,ASV2540
,,,,,,ASV2620
,,,,,,ASV3035
,,,,,,ASV3059
,,,,,,ASV3301
,,,,,,ASV3551
,,,,,,ASV3804
,,,,,,ASV4137
,,,,,,ASV4462
,,,,,,ASV1957
,,,,,,ASV2023
,,,,,,ASV2033
,,,,,,ASV2144
,,,,,,ASV2145
,,,,,,ASV2153
,,,,,,ASV2310
,,,,,,ASV2406
,,,,,,ASV2422
,,,,,,ASV2424
,,,,,,ASV2447
,,,,,,ASV2463
,,,,,,ASV2515
,,,,,,ASV2531
,,,,,,ASV2559
,,,,,,ASV2648
,,,,,,ASV2661
,,,,,,ASV2746
,,,,,,ASV2810
,,,,,,ASV2831
,,,,,,ASV2885
,,,,,,ASV3019
,,,,,,ASV3088
,,,,,,ASV3216
,,,,,,ASV3225
,,,,,,ASV3454
,,,,,,ASV3471
,,,,,,ASV3648
,,,,,,ASV3787
,,,,,,ASV4186
,,,,,,ASV4207
,,,,,,ASV4419
,,,,,,ASV4541
,,,,,,ASV4672
,,,,,,ASV5138
,,,,,,ASV5216
,,,,,,ASV5344
,,,,,,ASV5920
,,,,,,ASV1897
,,,,,,ASV2050
,,,,,,ASV2339
,,,,,,ASV2368
,,,,,,ASV2414
,,,,,,ASV2437
,,,,,,ASV2586
,,,,,,ASV2590
,,,,,,ASV2644
,,,,,,ASV2715
,,,,,,ASV2773
,,,,,,ASV2968
,,,,,,ASV3033
,,,,,,ASV3197
,,,,,,ASV3223
,,,,,,ASV3422
,,,,,,ASV3655
,,,,,,ASV3689
,,,,,,ASV3794
,,,,,,ASV3950
,,,,,,ASV3970
,,,,,,ASV4143
,,,,,,ASV4459
,,,,,,ASV4581
,,,,,,ASV5293
,,,,,,ASV5708
,,,,,,ASV2060
,,,,,,ASV2112
,,,,,,ASV2140
,,,,,,ASV2195
,,,,,,ASV2201
,,,,,,ASV2202
,,,,,,ASV2244
,,,,,,ASV2278
,,,,,,ASV2307
,,,,,,ASV2314
,,,,,,ASV2355
,,,,,,ASV2483
,,,,,,ASV2629
,,,,,,ASV2632
,,,,,,ASV2738
,,,,,,ASV2836
,,,,,,ASV2843
,,,,,,ASV2880
,,,,,,ASV2900
,,,,,,ASV2934
,,,,,,ASV2986
,,,,,,ASV3081
,,,,,,ASV3183
,,,,,,ASV3279
,,,,,,ASV3294
,,,,,,ASV4180
,,,,,,ASV4254
,,,,,,ASV4316
,,,,,,ASV4490
,,,,,,ASV5346
,,,,,,ASV2016
,,,,,,ASV2142
,,,,,,ASV2193
,,,,,,ASV2215
,,,,,,ASV2265
,,,,,,ASV2275
,,,,,,ASV2357
,,,,,,ASV2479
,,,,,,ASV2541
,,,,,,ASV2639
,,,,,,ASV2815
,,,,,,ASV2825
,,,,,,ASV2844
,,,,,,ASV2869
,,,,,,ASV2895
,,,,,,ASV3020
,,,,,,ASV3190
,,,,,,ASV3475
,,,,,,ASV3606
,,,,,,ASV3617
,,,,,,ASV3684
,,,,,,ASV3743
,,,,,,ASV4095
,,,,,,ASV4177
,,,,,,ASV4189
,,,,,,ASV4250
,,,,,,ASV4515
,,,,,,ASV4596
,,,,,,ASV4680
,,,,,,ASV2231
,,,,,,ASV2235
,,,,,,ASV2285
,,,,,,ASV2343
,,,,,,ASV2374
,,,,,,ASV2387
,,,,,,ASV2390
,,,,,,ASV2397
,,,,,,ASV2464
,,,,,,ASV2497
,,,,,,ASV2536
,,,,,,ASV2537
,,,,,,ASV2628
,,,,,,ASV2686
,,,,,,ASV2688
,,,,,,ASV2759
,,,,,,ASV2813
,,,,,,ASV2818
,,,,,,ASV2897
,,,,,,ASV2899
,,,,,,ASV2936
,,,,,,ASV2966
,,,,,,ASV3003
,,,,,,ASV3010
,,,,,,ASV3181
,,,,,,ASV3221
,,,,,,ASV3293
,,,,,,ASV3410
,,,,,,ASV3596
,,,,,,ASV4237
,,,,,,ASV4343
,,,,,,ASV5012
,,,,,,ASV5437
,,,,,,ASV5927
,,,,,,ASV2141
,,,,,,ASV2230
,,,,,,ASV2239
,,,,,,ASV2365
,,,,,,ASV2493
,,,,,,ASV2524
,,,,,,ASV2779
,,,,,,ASV2860
,,,,,,ASV2920
,,,,,,ASV3071
,,,,,,ASV3117
,,,,,,ASV3146
,,,,,,ASV3434
,,,,,,ASV3473
,,,,,,ASV3539
,,,,,,ASV3580
,,,,,,ASV3758
,,,,,,ASV3877
,,,,,,ASV4078
,,,,,,ASV4124
,,,,,,ASV4175
,,,,,,ASV4184
,,,,,,ASV5151
,,,,,,ASV2069
,,,,,,ASV2159
,,,,,,ASV2371
,,,,,,ASV2372
,,,,,,ASV2399
,,,,,,ASV2489
,,,,,,ASV2539
,,,,,,ASV2547
,,,,,,ASV2563
,,,,,,ASV2569
,,,,,,ASV2576
,,,,,,ASV2826
,,,,,,ASV3179
,,,,,,ASV3312
,,,,,,ASV3326
,,,,,,ASV3403
,,,,,,ASV3427
,,,,,,ASV3510
,,,,,,ASV3601
,,,,,,ASV3616
,,,,,,ASV3632
,,,,,,ASV5134
,,,,,,ASV5161
,,,,,,ASV5234
,,,,,,ASV5393
,,,,,,ASV5419
,,,,,,ASV5622
,,,,,,ASV5709
,,,,,,ASV5823
,,,,,,ASV2132
,,,,,,ASV2281
,,,,,,ASV2470
,,,,,,ASV2502
,,,,,,ASV2606
,,,,,,ASV2693
,,,,,,ASV2695
,,,,,,ASV2742
,,,,,,ASV2780
,,,,,,ASV2821
,,,,,,ASV2917
,,,,,,ASV2946
,,,,,,ASV2952
,,,,,,ASV3049
,,,,,,ASV3064
,,,,,,ASV3135
,,,,,,ASV3230
,,,,,,ASV3334
,,,,,,ASV3430
,,,,,,ASV3489
,,,,,,ASV3505
,,,,,,ASV3593
,,,,,,ASV3636
,,,,,,ASV3667
,,,,,,ASV3674
,,,,,,ASV3677
,,,,,,ASV3785
,,,,,,ASV3818
,,,,,,ASV3883
,,,,,,ASV3975
,,,,,,ASV4434
,,,,,,ASV4774
,,,,,,ASV4815
,,,,,,ASV5252
,,,,,,ASV5468
,,,,,,ASV5664
,,,,,,ASV5842
,,,,,,ASV2181
,,,,,,ASV2345
,,,,,,ASV2364
,,,,,,ASV2432
,,,,,,ASV2467
,,,,,,ASV2494
,,,,,,ASV2504
,,,,,,ASV2548
,,,,,,ASV2553
,,,,,,ASV2624
,,,,,,ASV2673
,,,,,,ASV2687
,,,,,,ASV2750
,,,,,,ASV2839
,,,,,,ASV2858
,,,,,,ASV2926
,,,,,,ASV2931
,,,,,,ASV3005
,,,,,,ASV3032
,,,,,,ASV3056
,,,,,,ASV3075
,,,,,,ASV3092
,,,,,,ASV3102
,,,,,,ASV3136
,,,,,,ASV3201
,,,,,,ASV3233
,,,,,,ASV3302
,,,,,,ASV3388
,,,,,,ASV3458
,,,,,,ASV3629
,,,,,,ASV3741
,,,,,,ASV3745
,,,,,,ASV3858
,,,,,,ASV4217
,,,,,,ASV4446
,,,,,,ASV4472
,,,,,,ASV4533
,,,,,,ASV4552
,,,,,,ASV4618
,,,,,,ASV4628
,,,,,,ASV5006
,,,,,,ASV5484
,,,,,,ASV2121
,,,,,,ASV2272
,,,,,,ASV2412
,,,,,,ASV2434
,,,,,,ASV2478
,,,,,,ASV2609
,,,,,,ASV2636
,,,,,,ASV2820
,,,,,,ASV2914
,,,,,,ASV2932
,,,,,,ASV2967
,,,,,,ASV3007
,,,,,,ASV3024
,,,,,,ASV3029
,,,,,,ASV3203
,,,,,,ASV3283
,,,,,,ASV3299
,,,,,,ASV3318
,,,,,,ASV3712
,,,,,,ASV3893
,,,,,,ASV3986
,,,,,,ASV4075
,,,,,,ASV4116
,,,,,,ASV4823
,,,,,,ASV5817
,,,,,,ASV2350
,,,,,,ASV2575
,,,,,,ASV2587
,,,,,,ASV2640
,,,,,,ASV2649
,,,,,,ASV2872
,,,,,,ASV2896
,,,,,,ASV2909
,,,,,,ASV3037
,,,,,,ASV3101
,,,,,,ASV3263
,,,,,,ASV3652
,,,,,,ASV3711
,,,,,,ASV3731
,,,,,,ASV3790
,,,,,,ASV3860
,,,,,,ASV4015
,,,,,,ASV4238
,,,,,,ASV4259
,,,,,,ASV4314
,,,,,,ASV4319
,,,,,,ASV4352
,,,,,,ASV4422
,,,,,,ASV4427
,,,,,,ASV4543
,,,,,,ASV5253
,,,,,,ASV5649
,,,,,,ASV5872
,,,,,,ASV2233
,,,,,,ASV2418
,,,,,,ASV2516
,,,,,,ASV2732
,,,,,,ASV2783
,,,,,,ASV2865
,,,,,,ASV2873
,,,,,,ASV2883
,,,,,,ASV2929
,,,,,,ASV2938
,,,,,,ASV2953
,,,,,,ASV2970
,,,,,,ASV2973
,,,,,,ASV3076
,,,,,,ASV3078
,,,,,,ASV3152
,,,,,,ASV3200
,,,,,,ASV3212
,,,,,,ASV3271
,,,,,,ASV3479
,,,,,,ASV3729
,,,,,,ASV4166
,,,,,,ASV4253
,,,,,,ASV4317
,,,,,,ASV4899
,,,,,,ASV5074
,,,,,,ASV5105
,,,,,,ASV2362
,,,,,,ASV2534
,,,,,,ASV2538
,,,,,,ASV2605
,,,,,,ASV2666
,,,,,,ASV2685
,,,,,,ASV2703
,,,,,,ASV2855
,,,,,,ASV2857
,,,,,,ASV3047
,,,,,,ASV3143
,,,,,,ASV3153
,,,,,,ASV3202
,,,,,,ASV3353
,,,,,,ASV3400
,,,,,,ASV3443
,,,,,,ASV3737
,,,,,,ASV3813
,,,,,,ASV3948
,,,,,,ASV4041
,,,,,,ASV4059
,,,,,,ASV4113
,,,,,,ASV4328
,,,,,,ASV4387
,,,,,,ASV4517
,,,,,,ASV5002
,,,,,,ASV5278
,,,,,,ASV5670
,,,,,,ASV5934
,,,,,,ASV2557
,,,,,,ASV2701
,,,,,,ASV2728
,,,,,,ASV2923
,,,,,,ASV2962
,,,,,,ASV3006
,,,,,,ASV3106
,,,,,,ASV3137
,,,,,,ASV3194
,,,,,,ASV3237
,,,,,,ASV3359
,,,,,,ASV3407
,,,,,,ASV3477
,,,,,,ASV3480
,,,,,,ASV3633
,,,,,,ASV3634
,,,,,,ASV3735
,,,,,,ASV3763
,,,,,,ASV3805
,,,,,,ASV3868
,,,,,,ASV3871
,,,,,,ASV3885
,,,,,,ASV3969
,,,,,,ASV4126
,,,,,,ASV4202
,,,,,,ASV4305
,,,,,,ASV4600
,,,,,,ASV4640
,,,,,,ASV4681
,,,,,,ASV4789
,,,,,,ASV4885
,,,,,,ASV4967
,,,,,,ASV4976
,,,,,,ASV5242
,,,,,,ASV5340
,,,,,,ASV5767
,,,,,,ASV5796
,,,,,,ASV2457
,,,,,,ASV2598
,,,,,,ASV2684
,,,,,,ASV2752
,,,,,,ASV2753
,,,,,,ASV2799
,,,,,,ASV2902
,,,,,,ASV2988
,,,,,,ASV3336
,,,,,,ASV3354
,,,,,,ASV3372
,,,,,,ASV3385
,,,,,,ASV3432
,,,,,,ASV3453
,,,,,,ASV3457
,,,,,,ASV3607
,,,,,,ASV3786
,,,,,,ASV3855
,,,,,,ASV4020
,,,,,,ASV4047
,,,,,,ASV4087
,,,,,,ASV4135
,,,,,,ASV4185
,,,,,,ASV4218
,,,,,,ASV4224
,,,,,,ASV4228
,,,,,,ASV4444
,,,,,,ASV4551
,,,,,,ASV4559
,,,,,,ASV4587
,,,,,,ASV4716
,,,,,,ASV4851
,,,,,,ASV5159
,,,,,,ASV5287
,,,,,,ASV2386
,,,,,,ASV2444
,,,,,,ASV2616
,,,,,,ASV2641
,,,,,,ASV2717
,,,,,,ASV2787
,,,,,,ASV2814
,,,,,,ASV2823
,,,,,,ASV2907
,,,,,,ASV3004
,,,,,,ASV3068
,,,,,,ASV3159
,,,,,,ASV3160
,,,,,,ASV3211
,,,,,,ASV3487
,,,,,,ASV3536
,,,,,,ASV3561
,,,,,,ASV3750
,,,,,,ASV3894
,,,,,,ASV3960
,,,,,,ASV4102
,,,,,,ASV4294
,,,,,,ASV4348
,,,,,,ASV4420
,,,,,,ASV4430
,,,,,,ASV4487
,,,,,,ASV4696
,,,,,,ASV4830
,,,,,,ASV4938
,,,,,,ASV4986
,,,,,,ASV5079
,,,,,,ASV5103
,,,,,,ASV5129
,,,,,,ASV5397
,,,,,,ASV5567
,,,,,,ASV2720
,,,,,,ASV2740
,,,,,,ASV2775
,,,,,,ASV2888
,,,,,,ASV2957
,,,,,,ASV2989
,,,,,,ASV3026
,,,,,,ASV3034
,,,,,,ASV3063
,,,,,,ASV3133
,,,,,,ASV3208
,,,,,,ASV3296
,,,,,,ASV3320
,,,,,,ASV3346
,,,,,,ASV3356
,,,,,,ASV3393
,,,,,,ASV3466
,,,,,,ASV3478
,,,,,,ASV3556
,,,,,,ASV3681
,,,,,,ASV3799
,,,,,,ASV4018
,,,,,,ASV4042
,,,,,,ASV4203
,,,,,,ASV4245
,,,,,,ASV4344
,,,,,,ASV4359
,,,,,,ASV4364
,,,,,,ASV4455
,,,,,,ASV4457
,,,,,,ASV4463
,,,,,,ASV4605
,,,,,,ASV4710
,,,,,,ASV5155
,,,,,,ASV5238
,,,,,,ASV5528
,,,,,,ASV5617
,,,,,,ASV2330
,,,,,,ASV2426
,,,,,,ASV2465
,,,,,,ASV2549
,,,,,,ASV2631
,,,,,,ASV2667
,,,,,,ASV2677
,,,,,,ASV2987
,,,,,,ASV3011
,,,,,,ASV3057
,,,,,,ASV3104
,,,,,,ASV3115
,,,,,,ASV3162
,,,,,,ASV3185
,,,,,,ASV3257
,,,,,,ASV3267
,,,,,,ASV3268
,,,,,,ASV3337
,,,,,,ASV3391
,,,,,,ASV3502
,,,,,,ASV3549
,,,,,,ASV3692
,,,,,,ASV3695
,,,,,,ASV3803
,,,,,,ASV3829
,,,,,,ASV3920
,,,,,,ASV3924
,,,,,,ASV4034
,,,,,,ASV4038
,,,,,,ASV4076
,,,,,,ASV4163
,,,,,,ASV4292
,,,,,,ASV4394
,,,,,,ASV4450
,,,,,,ASV4473
,,,,,,ASV4571
,,,,,,ASV4679
,,,,,,ASV4757
,,,,,,ASV4791
,,,,,,ASV4839
,,,,,,ASV4852
,,,,,,ASV4912
,,,,,,ASV4980
,,,,,,ASV5070
,,,,,,ASV5075
,,,,,,ASV5169
,,,,,,ASV5450
,,,,,,ASV5595
,,,,,,ASV5616
,,,,,,ASV5740
,,,,,,ASV2607
,,,,,,ASV2824
,,,,,,ASV3039
,,,,,,ASV3150
,,,,,,ASV3205
,,,,,,ASV3241
,,,,,,ASV3242
,,,,,,ASV3276
,,,,,,ASV3281
,,,,,,ASV3433
,,,,,,ASV3563
,,,,,,ASV3587
,,,,,,ASV3641
,,,,,,ASV3651
,,,,,,ASV3671
,,,,,,ASV3733
,,,,,,ASV3930
,,,,,,ASV3968
,,,,,,ASV3998
,,,,,,ASV4056
,,,,,,ASV4077
,,,,,,ASV4109
,,,,,,ASV4201
,,,,,,ASV4298
,,,,,,ASV4306
,,,,,,ASV4381
,,,,,,ASV4584
,,,,,,ASV4660
,,,,,,ASV4842
,,,,,,ASV5147
,,,,,,ASV5330
,,,,,,ASV5377
,,,,,,ASV5512
,,,,,,ASV5519
,,,,,,ASV5520
,,,,,,ASV5527
,,,,,,ASV5715
,,,,,,ASV2827
,,,,,,ASV2833
,,,,,,ASV2905
,,,,,,ASV2927
,,,,,,ASV3013
,,,,,,ASV3126
,,,,,,ASV3206
,,,,,,ASV3244
,,,,,,ASV3251
,,,,,,ASV3270
,,,,,,ASV3292
,,,,,,ASV3333
,,,,,,ASV3351
,,,,,,ASV3363
,,,,,,ASV3409
,,,,,,ASV3442
,,,,,,ASV3488
,,,,,,ASV3704
,,,,,,ASV3797
,,,,,,ASV3801
,,,,,,ASV3802
,,,,,,ASV3890
,,,,,,ASV3891
,,,,,,ASV3954
,,,,,,ASV4050
,,,,,,ASV4055
,,,,,,ASV4068
,,,,,,ASV4154
,,,,,,ASV4178
,,,,,,ASV4380
,,,,,,ASV4411
,,,,,,ASV4413
,,,,,,ASV4658
,,,,,,ASV4760
,,,,,,ASV4929
,,,,,,ASV5016
,,,,,,ASV5032
,,,,,,ASV5081
,,,,,,ASV5107
,,,,,,ASV5386
,,,,,,ASV5509
,,,,,,ASV5789
,,,,,,ASV5824
,,,,,,ASV2861
,,,,,,ASV2879
,,,,,,ASV2965
,,,,,,ASV3040
,,,,,,ASV3222
,,,,,,ASV3234
,,,,,,ASV3256
,,,,,,ASV3265
,,,,,,ASV3274
,,,,,,ASV3291
,,,,,,ASV3323
,,,,,,ASV3348
,,,,,,ASV3461
,,,,,,ASV3623
,,,,,,ASV3630
,,,,,,ASV3706
,,,,,,ASV3783
,,,,,,ASV3852
,,,,,,ASV3859
,,,,,,ASV3874
,,,,,,ASV3979
,,,,,,ASV4000
,,,,,,ASV4151
,,,,,,ASV4192
,,,,,,ASV4234
,,,,,,ASV4493
,,,,,,ASV4537
,,,,,,ASV4894
,,,,,,ASV4993
,,,,,,ASV5120
,,,,,,ASV5191
,,,,,,ASV5224
,,,,,,ASV5453
,,,,,,ASV5629
,,,,,,ASV5646
,,,,,,ASV5701
,,,,,,ASV5705
,,,,,,ASV5803
,,,,,,ASV2793
,,,,,,ASV2887
,,,,,,ASV2977
,,,,,,ASV3119
,,,,,,ASV3145
,,,,,,ASV3187
,,,,,,ASV3278
,,,,,,ASV3534
,,,,,,ASV3639
,,,,,,ASV3653
,,,,,,ASV3714
,,,,,,ASV3724
,,,,,,ASV3808
,,,,,,ASV4009
,,,,,,ASV4066
,,,,,,ASV4084
,,,,,,ASV4120
,,,,,,ASV4393
,,,,,,ASV4406
,,,,,,ASV4424
,,,,,,ASV4593
,,,,,,ASV4755
,,,,,,ASV4781
,,,,,,ASV4892
,,,,,,ASV4908
,,,,,,ASV5099
,,,,,,ASV5114
,,,,,,ASV5358
,,,,,,ASV5594
,,,,,,ASV5894
,,,,,,ASV2761
,,,,,,ASV2913
,,,,,,ASV2978
,,,,,,ASV3051
,,,,,,ASV3067
,,,,,,ASV3079
,,,,,,ASV3228
,,,,,,ASV3358
,,,,,,ASV3369
,,,,,,ASV3416
,,,,,,ASV3481
,,,,,,ASV3557
,,,,,,ASV3559
,,,,,,ASV3666
,,,,,,ASV3907
,,,,,,ASV3941
,,,,,,ASV3958
,,,,,,ASV3963
,,,,,,ASV4233
,,,,,,ASV4416
,,,,,,ASV4489
,,,,,,ASV4525
,,,,,,ASV4817
,,,,,,ASV4846
,,,,,,ASV4914
,,,,,,ASV4984
,,,,,,ASV5162
,,,,,,ASV5458
,,,,,,ASV5794
,,,,,,ASV5831
,,,,,,ASV5861
,,,,,,ASV5870
,,,,,,ASV2694
,,,,,,ASV3170
,,,,,,ASV3178
,,,,,,ASV3239
,,,,,,ASV3398
,,,,,,ASV3399
,,,,,,ASV3402
,,,,,,ASV3408
,,,,,,ASV3431
,,,,,,ASV3440
,,,,,,ASV3476
,,,,,,ASV3520
,,,,,,ASV3523
,,,,,,ASV3624
,,,,,,ASV3701
,,,,,,ASV3725
,,,,,,ASV3749
,,,,,,ASV3908
,,,,,,ASV3978
,,,,,,ASV4043
,,,,,,ASV4112
,,,,,,ASV4140
,,,,,,ASV4210
,,,,,,ASV4235
,,,,,,ASV4417
,,,,,,ASV4428
,,,,,,ASV4467
,,,,,,ASV4475
,,,,,,ASV4503
,,,,,,ASV4635
,,,,,,ASV4655
,,,,,,ASV4879
,,,,,,ASV4919
,,,,,,ASV4946
,,,,,,ASV5062
,,,,,,ASV5301
,,,,,,ASV5431
,,,,,,ASV5470
,,,,,,ASV5580
,,,,,,ASV5779
,,,,,,ASV5856
,,,,,,ASV5869
,,,,,,ASV2935
,,,,,,ASV2994
,,,,,,ASV3061
,,,,,,ASV3165
,,,,,,ASV3215
,,,,,,ASV3310
,,,,,,ASV3420
,,,,,,ASV3455
,,,,,,ASV3608
,,,,,,ASV3773
,,,,,,ASV3848
,,,,,,ASV3906
,,,,,,ASV3919
,,,,,,ASV4045
,,,,,,ASV4155
,,,,,,ASV4401
,,,,,,ASV4598
,,,,,,ASV4661
,,,,,,ASV4779
,,,,,,ASV4906
,,,,,,ASV5042
,,,,,,ASV5135
,,,,,,ASV5246
,,,,,,ASV5626
,,,,,,ASV5702
,,,,,,ASV5724
,,,,,,ASV3184
,,,,,,ASV3217
,,,,,,ASV3282
,,,,,,ASV3484
,,,,,,ASV3579
,,,,,,ASV3581
,,,,,,ASV3625
,,,,,,ASV3638
,,,,,,ASV3669
,,,,,,ASV3765
,,,,,,ASV3780
,,,,,,ASV3837
,,,,,,ASV3955
,,,,,,ASV3987
,,,,,,ASV4227
,,,,,,ASV4241
,,,,,,ASV4285
,,,,,,ASV4357
,,,,,,ASV4466
,,,,,,ASV4488
,,,,,,ASV4528
,,,,,,ASV4549
,,,,,,ASV4599
,,,,,,ASV4691
,,,,,,ASV4704
,,,,,,ASV4859
,,,,,,ASV4941
,,,,,,ASV5053
,,,,,,ASV5302
,,,,,,ASV5547
,,,,,,ASV5653
,,,,,,ASV5866
,,,,,,ASV5868
,,,,,,ASV5873
,,,,,,ASV3272
,,,,,,ASV3405
,,,,,,ASV3604
,,,,,,ASV3772
,,,,,,ASV3878
,,,,,,ASV3909
,,,,,,ASV3925
,,,,,,ASV3974
,,,,,,ASV4040
,,,,,,ASV4082
,,,,,,ASV4125
,,,,,,ASV4144
,,,,,,ASV4164
,,,,,,ASV4310
,,,,,,ASV4339
,,,,,,ASV4372
,,,,,,ASV4405
,,,,,,ASV4443
,,,,,,ASV4474
,,,,,,ASV4479
,,,,,,ASV4545
,,,,,,ASV4554
,,,,,,ASV4586
,,,,,,ASV4649
,,,,,,ASV4651
,,,,,,ASV4663
,,,,,,ASV4719
,,,,,,ASV4720
,,,,,,ASV4783
,,,,,,ASV4821
,,,,,,ASV4861
,,,,,,ASV4873
,,,,,,ASV4877
,,,,,,ASV4930
,,,,,,ASV4973
,,,,,,ASV5027
,,,,,,ASV5090
,,,,,,ASV5310
,,,,,,ASV5353
,,,,,,ASV5374
,,,,,,ASV5430
,,,,,,ASV5735
,,,,,,ASV5788
,,,,,,ASV5800
,,,,,,ASV5862
,,,,,,ASV5899
,,,,,,ASV2971
,,,,,,ASV3560
,,,,,,ASV3663
,,,,,,ASV3717
,,,,,,ASV3728
,,,,,,ASV3759
,,,,,,ASV3776
,,,,,,ASV3817
,,,,,,ASV3921
,,,,,,ASV4023
,,,,,,ASV4031
,,,,,,ASV4062
,,,,,,ASV4159
,,,,,,ASV4181
,,,,,,ASV4204
,,,,,,ASV4209
,,,,,,ASV4225
,,,,,,ASV4299
,,,,,,ASV4358
,,,,,,ASV4418
,,,,,,ASV4546
,,,,,,ASV4574
,,,,,,ASV4695
,,,,,,ASV4751
,,,,,,ASV4769
,,,,,,ASV4829
,,,,,,ASV5013
,,,,,,ASV5069
,,,,,,ASV5280
,,,,,,ASV5464
,,,,,,ASV5500
,,,,,,ASV5663
,,,,,,ASV5710
,,,,,,ASV5770
,,,,,,ASV5958
,,,,,,ASV3552
,,,,,,ASV3578
,,,,,,ASV3727
,,,,,,ASV3730
,,,,,,ASV3761
,,,,,,ASV3827
,,,,,,ASV3866
,,,,,,ASV3879
,,,,,,ASV3961
,,,,,,ASV4039
,,,,,,ASV4060
,,,,,,ASV4107
,,,,,,ASV4117
,,,,,,ASV4132
,,,,,,ASV4149
,,,,,,ASV4191
,,,,,,ASV4290
,,,,,,ASV4398
,,,,,,ASV4470
,,,,,,ASV4523
,,,,,,ASV4532
,,,,,,ASV4558
,,,,,,ASV4646
,,,,,,ASV4790
,,,,,,ASV4891
,,,,,,ASV4927
,,,,,,ASV4960
,,,,,,ASV4969
,,,,,,ASV5123
,,,,,,ASV5124
,,,,,,ASV5126
,,,,,,ASV5263
,,,,,,ASV5316
,,,,,,ASV5339
,,,,,,ASV5408
,,,,,,ASV5548
,,,,,,ASV5827
,,,,,,ASV4157
,,,,,,ASV4282
,,,,,,ASV4375
,,,,,,ASV4426
,,,,,,ASV4441
,,,,,,ASV4476
,,,,,,ASV4560
,,,,,,ASV4590
,,,,,,ASV4653
,,,,,,ASV4709
,,,,,,ASV4729
,,,,,,ASV4742
,,,,,,ASV4832
,,,,,,ASV4834
,,,,,,ASV4955
,,,,,,ASV5200
,,,,,,ASV5239
,,,,,,ASV5304
,,,,,,ASV5440
,,,,,,ASV5502
,,,,,,ASV5755
,,,,,,ASV5853
,,,,,,ASV5858
,,,,,,ASV5912
,,,,,,ASV5923
,,,,,,ASV5953
,,,,,,ASV3367
,,,,,,ASV3810
,,,,,,ASV3831
,,,,,,ASV3964
,,,,,,ASV4089
,,,,,,ASV4211
,,,,,,ASV4327
,,,,,,ASV4329
,,,,,,ASV4350
,,,,,,ASV4471
,,,,,,ASV4585
,,,,,,ASV4622
,,,,,,ASV4723
,,,,,,ASV4904
,,,,,,ASV4964
,,,,,,ASV4978
,,,,,,ASV5022
,,,,,,ASV5139
,,,,,,ASV5230
,,,,,,ASV5298
,,,,,,ASV5435
,,,,,,ASV5734
,,,,,,ASV5747
,,,,,,ASV5750
,,,,,,ASV3672
,,,,,,ASV3796
,,,,,,ASV3990
,,,,,,ASV4291
,,,,,,ASV4409
,,,,,,ASV4464
,,,,,,ASV4540
,,,,,,ASV4578
,,,,,,ASV4741
,,,,,,ASV4748
,,,,,,ASV4750
,,,,,,ASV4778
,,,,,,ASV4979
,,,,,,ASV5108
,,,,,,ASV5182
,,,,,,ASV5244
,,,,,,ASV5362
,,,,,,ASV5373
,,,,,,ASV5497
,,,,,,ASV5544
,,,,,,ASV5677
,,,,,,ASV5732
,,,,,,ASV5738
,,,,,,ASV5758
,,,,,,ASV3991
,,,,,,ASV4002
,,,,,,ASV4278
,,,,,,ASV4315
,,,,,,ASV4384
,,,,,,ASV4407
,,,,,,ASV4445
,,,,,,ASV4480
,,,,,,ASV4514
,,,,,,ASV4521
,,,,,,ASV4674
,,,,,,ASV4690
,,,,,,ASV4807
,,,,,,ASV4814
,,,,,,ASV4837
,,,,,,ASV4981
,,,,,,ASV5130
,,,,,,ASV5290
,,,,,,ASV5361
,,,,,,ASV5404
,,,,,,ASV5455
,,,,,,ASV5474
,,,,,,ASV5560
,,,,,,ASV5593
,,,,,,ASV5703
,,,,,,ASV5766
,,,,,,ASV5935
,,,,,,ASV5956
,,,,,,ASV4058
,,,,,,ASV4158
,,,,,,ASV4320
,,,,,,ASV4465
,,,,,,ASV4583
,,,,,,ASV4607
,,,,,,ASV4693
,,,,,,ASV4722
,,,,,,ASV4923
,,,,,,ASV5003
,,,,,,ASV5063
,,,,,,ASV5165
,,,,,,ASV5203
,,,,,,ASV5317
,,,,,,ASV5334
,,,,,,ASV5482
,,,,,,ASV5487
,,,,,,ASV5559
,,,,,,ASV5596
,,,,,,ASV5625
,,,,,,ASV5778
,,,,,,ASV5836
,,,,,,ASV5837
,,,,,,ASV3548
,,,,,,ASV3980
,,,,,,ASV4176
,,,,,,ASV4268
,,,,,,ASV4297
,,,,,,ASV4550
,,,,,,ASV4561
,,,,,,ASV4637
,,,,,,ASV5043
,,,,,,ASV5378
,,,,,,ASV5442
,,,,,,ASV5597
,,,,,,ASV5672
,,,,,,ASV5749
,,,,,,ASV5801
,,,,,,ASV4030
,,,,,,ASV4354
,,,,,,ASV5004
,,,,,,ASV5023
,,,,,,ASV5052
,,,,,,ASV5184
,,,,,,ASV5359
,,,,,,ASV5460
,,,,,,ASV5471
,,,,,,ASV5529
,,,,,,ASV5550
,,,,,,ASV5721
,,,,,,ASV5733
,,,,,,ASV5826
,,,,,,ASV5929
,,,,,,ASV5947
,,,,,,ASV4222
,,,,,,ASV4456
,,,,,,ASV4492
,,,,,,ASV4579
,,,,,,ASV4951
,,,,,,ASV5104
,,,,,,ASV5121
,,,,,,ASV5174
,,,,,,ASV5347
,,,,,,ASV5406
,,,,,,ASV5654
,,,,,,ASV5814
,,,,,,ASV5890
,,,,,,ASV5905
,,,,,,ASV5928
,,,,,,ASV5942
,,,,,,ASV4770
,,,,,,ASV4838
,,,,,,ASV4932
,,,,,,ASV5153
,,,,,,ASV5423
,,,,,,ASV5483
,,,,,,ASV5941
,,,,,,ASV4763
,,,,,,ASV4825
,,,,,,ASV5168
,,,,,,ASV5228
,,,,,,ASV5446
,,,,,,ASV5507
,,,,,,ASV5540
,,,,,,ASV5554
,,,,,,ASV5769
,,,,,,ASV5775
,,,,,,ASV5834
,,,,,,ASV4961
,,,,,,ASV5164
,,,,,,ASV5562
,,,,,,ASV5606
,,,,,,ASV5614
,,,,,,ASV5765
,,,,,,ASV5375
,,,,,,ASV5454
,,,,,,ASV5907
,,,,,,ASV5937
