Id,Label,timeset,P
ASV1,ASV1,,Proteobacteria
ASV199,ASV199,,Proteobacteria
ASV2008,ASV2008,,Proteobacteria
ASV2771,ASV2771,,Proteobacteria
ASV3570,ASV3570,,Bacteroidetes
ASV413,ASV413,,Proteobacteria
ASV433,ASV433,,Proteobacteria
ASV5848,ASV5848,,Proteobacteria
ASV624,ASV624,,Actinobacteria
ASV634,ASV634,,Proteobacteria
ASV70,ASV70,,Proteobacteria
ASV10,ASV10,,Proteobacteria
ASV134,ASV134,,Proteobacteria
ASV2291,ASV2291,,Proteobacteria
ASV3,ASV3,,Firmicutes
ASV30,ASV30,,Firmicutes
ASV3754,ASV3754,,Firmicutes
ASV39,ASV39,,Firmicutes
ASV4085,ASV4085,,Firmicutes
ASV49,ASV49,,Firmicutes
ASV860,ASV860,,Firmicutes
ASV100,ASV100,,Bacteroidetes
ASV102,ASV102,,Bacteroidetes
ASV107,ASV107,,Bacteroidetes
ASV108,ASV108,,Proteobacteria
ASV110,ASV110,,Bacteroidetes
ASV111,ASV111,,Bacteroidetes
ASV114,ASV114,,Bacteroidetes
ASV116,ASV116,,Firmicutes
ASV117,ASV117,,Proteobacteria
ASV1198,ASV1198,,Proteobacteria
ASV122,ASV122,,Bacteroidetes
ASV13,ASV13,,Proteobacteria
ASV14,ASV14,,Firmicutes
ASV15,ASV15,,Bacteroidetes
ASV165,ASV165,,Proteobacteria
ASV18,ASV18,,Firmicutes
ASV194,ASV194,,Bacteroidetes
ASV206,ASV206,,Bacteroidetes
ASV220,ASV220,,Proteobacteria
ASV225,ASV225,,Actinobacteria
ASV229,ASV229,,Proteobacteria
ASV237,ASV237,,Bacteroidetes
ASV24,ASV24,,Proteobacteria
ASV252,ASV252,,Bacteroidetes
ASV266,ASV266,,Proteobacteria
ASV277,ASV277,,Proteobacteria
ASV288,ASV288,,Actinobacteria
ASV32,ASV32,,Proteobacteria
ASV327,ASV327,,Bacteroidetes
ASV344,ASV344,,Bacteroidetes
ASV36,ASV36,,Bacteroidetes
ASV3732,ASV3732,,Proteobacteria
ASV38,ASV38,,Proteobacteria
ASV4134,ASV4134,,Proteobacteria
ASV436,ASV436,,Proteobacteria
ASV451,ASV451,,Saccharibacteria
ASV51,ASV51,,Firmicutes
ASV529,ASV529,,Proteobacteria
ASV56,ASV56,,Bacteroidetes
ASV61,ASV61,,Bacteroidetes
ASV62,ASV62,,Bacteroidetes
ASV681,ASV681,,Bacteroidetes
ASV74,ASV74,,Proteobacteria
ASV781,ASV781,,Actinobacteria
ASV80,ASV80,,Bacteroidetes
ASV810,ASV810,,Bacteroidetes
ASV828,ASV828,,Proteobacteria
ASV850,ASV850,,Proteobacteria
ASV854,ASV854,,Proteobacteria
ASV87,ASV87,,Bacteroidetes
ASV93,ASV93,,Bacteroidetes
ASV1002,ASV1002,,Proteobacteria
ASV1595,ASV1595,,Proteobacteria
ASV7,ASV7,,Saccharibacteria
ASV1005,ASV1005,,Bacteroidetes
ASV390,ASV390,,Acidobacteria
ASV554,ASV554,,Acidobacteria
ASV1007,ASV1007,,Actinobacteria
ASV1024,ASV1024,,Firmicutes
ASV113,ASV113,,Proteobacteria
ASV1251,ASV1251,,Proteobacteria
ASV150,ASV150,,Proteobacteria
ASV1730,ASV1730,,Proteobacteria
ASV175,ASV175,,Proteobacteria
ASV187,ASV187,,Proteobacteria
ASV196,ASV196,,Proteobacteria
ASV197,ASV197,,Bacteroidetes
ASV216,ASV216,,Bacteroidetes
ASV2361,ASV2361,,Firmicutes
ASV27,ASV27,,Actinobacteria
ASV276,ASV276,,Proteobacteria
ASV31,ASV31,,Proteobacteria
ASV363,ASV363,,Proteobacteria
ASV37,ASV37,,Proteobacteria
ASV4,ASV4,,Proteobacteria
ASV404,ASV404,,Proteobacteria
ASV41,ASV41,,Proteobacteria
ASV44,ASV44,,Actinobacteria
ASV445,ASV445,,Actinobacteria
ASV48,ASV48,,Proteobacteria
ASV5,ASV5,,Actinobacteria
ASV54,ASV54,,Proteobacteria
ASV5687,ASV5687,,Proteobacteria
ASV57,ASV57,,Proteobacteria
ASV655,ASV655,,Proteobacteria
ASV702,ASV702,,Bacteroidetes
ASV741,ASV741,,Actinobacteria
ASV79,ASV79,,Actinobacteria
ASV856,ASV856,,Bacteroidetes
ASV9,ASV9,,Proteobacteria
ASV955,ASV955,,Actinobacteria
ASV96,ASV96,,Actinobacteria
ASV101,ASV101,,Proteobacteria
ASV1269,ASV1269,,Bacteroidetes
ASV1013,ASV1013,,Bacteroidetes
ASV170,ASV170,,Proteobacteria
ASV1015,ASV1015,,Actinobacteria
ASV966,ASV966,,Actinobacteria
ASV1017,ASV1017,,Bacteroidetes
ASV1298,ASV1298,,Actinobacteria
ASV172,ASV172,,Proteobacteria
ASV1838,ASV1838,,Acidobacteria
ASV2155,ASV2155,,Proteobacteria
ASV273,ASV273,,Bacteroidetes
ASV459,ASV459,,Nitrospirae
ASV488,ASV488,,Actinobacteria
ASV514,ASV514,,Bacteroidetes
ASV571,ASV571,,Bacteroidetes
ASV5744,ASV5744,,Unassigned
ASV660,ASV660,,Cyanobacteria
ASV677,ASV677,,Proteobacteria
ASV732,ASV732,,Bacteroidetes
ASV82,ASV82,,Bacteroidetes
ASV106,ASV106,,Proteobacteria
ASV1217,ASV1217,,Proteobacteria
ASV5511,ASV5511,,Actinobacteria
ASV600,ASV600,,Actinobacteria
ASV90,ASV90,,Proteobacteria
ASV1020,ASV1020,,Proteobacteria
ASV155,ASV155,,Proteobacteria
ASV485,ASV485,,Proteobacteria
ASV553,ASV553,,Bacteroidetes
ASV1026,ASV1026,,Actinobacteria
ASV1740,ASV1740,,Actinobacteria
ASV192,ASV192,,Proteobacteria
ASV207,ASV207,,Bacteroidetes
ASV219,ASV219,,Proteobacteria
ASV25,ASV25,,Bacteroidetes
ASV260,ASV260,,Proteobacteria
ASV297,ASV297,,Proteobacteria
ASV369,ASV369,,Chloroflexi
ASV3752,ASV3752,,Actinobacteria
ASV456,ASV456,,Proteobacteria
ASV531,ASV531,,Proteobacteria
ASV85,ASV85,,Actinobacteria
ASV881,ASV881,,Proteobacteria
ASV92,ASV92,,Actinobacteria
ASV95,ASV95,,Chloroflexi
ASV1027,ASV1027,,Proteobacteria
ASV103,ASV103,,Actinobacteria
ASV159,ASV159,,Thaumarchaeota
ASV228,ASV228,,Firmicutes
ASV515,ASV515,,Proteobacteria
ASV1030,ASV1030,,Actinobacteria
ASV1069,ASV1069,,Proteobacteria
ASV183,ASV183,,Bacteroidetes
ASV184,ASV184,,Proteobacteria
ASV227,ASV227,,Bacteroidetes
ASV233,ASV233,,Proteobacteria
ASV263,ASV263,,Proteobacteria
ASV293,ASV293,,Bacteroidetes
ASV463,ASV463,,Bacteroidetes
ASV71,ASV71,,Proteobacteria
ASV73,ASV73,,Bacteroidetes
ASV763,ASV763,,Proteobacteria
ASV941,ASV941,,Actinobacteria
ASV1032,ASV1032,,Proteobacteria
ASV1840,ASV1840,,Proteobacteria
ASV1852,ASV1852,,Proteobacteria
ASV500,ASV500,,Actinobacteria
ASV67,ASV67,,Proteobacteria
ASV770,ASV770,,Proteobacteria
ASV1036,ASV1036,,Proteobacteria
ASV1051,ASV1051,,Proteobacteria
ASV1232,ASV1232,,Proteobacteria
ASV1273,ASV1273,,Chloroflexi
ASV1038,ASV1038,,Proteobacteria
ASV1738,ASV1738,,Chloroflexi
ASV349,ASV349,,Proteobacteria
ASV104,ASV104,,Bacteroidetes
ASV248,ASV248,,Firmicutes
ASV625,ASV625,,Bacteroidetes
ASV1042,ASV1042,,Proteobacteria
ASV346,ASV346,,Actinobacteria
ASV105,ASV105,,Actinobacteria
ASV1161,ASV1161,,Actinobacteria
ASV146,ASV146,,Firmicutes
ASV2290,ASV2290,,Actinobacteria
ASV242,ASV242,,Bacteroidetes
ASV548,ASV548,,Acidobacteria
ASV727,ASV727,,Firmicutes
ASV76,ASV76,,Thaumarchaeota
ASV1059,ASV1059,,Bacteroidetes
ASV1907,ASV1907,,Actinobacteria
ASV585,ASV585,,Proteobacteria
ASV123,ASV123,,Bacteroidetes
ASV1428,ASV1428,,Proteobacteria
ASV475,ASV475,,Proteobacteria
ASV591,ASV591,,Bacteroidetes
ASV1066,ASV1066,,Actinobacteria
ASV3236,ASV3236,,Proteobacteria
ASV247,ASV247,,Actinobacteria
ASV3347,ASV3347,,Proteobacteria
ASV403,ASV403,,Proteobacteria
ASV501,ASV501,,Actinobacteria
ASV59,ASV59,,Bacteroidetes
ASV641,ASV641,,Proteobacteria
ASV752,ASV752,,Gemmatimonadetes
ASV771,ASV771,,Bacteroidetes
ASV115,ASV115,,Bacteroidetes
ASV1243,ASV1243,,Actinobacteria
ASV1358,ASV1358,,Actinobacteria
ASV1492,ASV1492,,Actinobacteria
ASV158,ASV158,,Proteobacteria
ASV180,ASV180,,Proteobacteria
ASV226,ASV226,,Bacteroidetes
ASV231,ASV231,,Actinobacteria
ASV2383,ASV2383,,Actinobacteria
ASV29,ASV29,,Firmicutes
ASV3327,ASV3327,,Proteobacteria
ASV335,ASV335,,Actinobacteria
ASV35,ASV35,,Actinobacteria
ASV516,ASV516,,Actinobacteria
ASV637,ASV637,,Bacteroidetes
ASV733,ASV733,,Bacteroidetes
ASV1070,ASV1070,,Actinobacteria
ASV1071,ASV1071,,Firmicutes
ASV1073,ASV1073,,Actinobacteria
ASV125,ASV125,,Actinobacteria
ASV164,ASV164,,Bacteroidetes
ASV1781,ASV1781,,Firmicutes
ASV195,ASV195,,Bacteroidetes
ASV261,ASV261,,Chloroflexi
ASV271,ASV271,,Chloroflexi
ASV295,ASV295,,Proteobacteria
ASV310,ASV310,,Actinobacteria
ASV33,ASV33,,Proteobacteria
ASV384,ASV384,,Actinobacteria
ASV398,ASV398,,Actinobacteria
ASV6,ASV6,,Thaumarchaeota
ASV627,ASV627,,Actinobacteria
ASV68,ASV68,,Chloroflexi
ASV707,ASV707,,Chloroflexi
ASV927,ASV927,,Bacteroidetes
ASV938,ASV938,,Bacteroidetes
ASV109,ASV109,,Proteobacteria
ASV3089,ASV3089,,Proteobacteria
ASV568,ASV568,,Bacteroidetes
ASV1092,ASV1092,,Actinobacteria
ASV1229,ASV1229,,Proteobacteria
ASV2223,ASV2223,,Actinobacteria
ASV1093,ASV1093,,Actinobacteria
ASV334,ASV334,,Bacteroidetes
ASV447,ASV447,,Actinobacteria
ASV458,ASV458,,Proteobacteria
ASV528,ASV528,,Actinobacteria
ASV557,ASV557,,Bacteroidetes
ASV708,ASV708,,Bacteroidetes
ASV775,ASV775,,Bacteroidetes
ASV876,ASV876,,Actinobacteria
ASV983,ASV983,,Proteobacteria
ASV995,ASV995,,Actinobacteria
ASV11,ASV11,,Spike
ASV151,ASV151,,Actinobacteria
ASV2208,ASV2208,,Actinobacteria
ASV254,ASV254,,Cyanobacteria
ASV2572,ASV2572,,Actinobacteria
ASV3207,ASV3207,,Actinobacteria
ASV478,ASV478,,Actinobacteria
ASV191,ASV191,,Bacteroidetes
ASV258,ASV258,,Bacteroidetes
ASV579,ASV579,,Proteobacteria
ASV623,ASV623,,Actinobacteria
ASV140,ASV140,,Actinobacteria
ASV1615,ASV1615,,Actinobacteria
ASV2213,ASV2213,,Actinobacteria
ASV5010,ASV5010,,Proteobacteria
ASV564,ASV564,,Proteobacteria
ASV1115,ASV1115,,Bacteroidetes
ASV892,ASV892,,Proteobacteria
ASV112,ASV112,,Proteobacteria
ASV1120,ASV1120,,Bacteroidetes
ASV1381,ASV1381,,Bacteroidetes
ASV2,ASV2,,Actinobacteria
ASV20,ASV20,,Actinobacteria
ASV214,ASV214,,Proteobacteria
ASV264,ASV264,,Proteobacteria
ASV330,ASV330,,Actinobacteria
ASV352,ASV352,,Actinobacteria
ASV430,ASV430,,Actinobacteria
ASV468,ASV468,,Actinobacteria
ASV721,ASV721,,Acidobacteria
ASV742,ASV742,,Gemmatimonadetes
ASV758,ASV758,,Actinobacteria
ASV1123,ASV1123,,Proteobacteria
ASV428,ASV428,,Proteobacteria
ASV4454,ASV4454,,Actinobacteria
ASV1149,ASV1149,,Proteobacteria
ASV1165,ASV1165,,Bacteroidetes
ASV121,ASV121,,Bacteroidetes
ASV139,ASV139,,Bacteroidetes
ASV142,ASV142,,Bacteroidetes
ASV149,ASV149,,Bacteroidetes
ASV2017,ASV2017,,Proteobacteria
ASV235,ASV235,,Bacteroidetes
ASV244,ASV244,,Proteobacteria
ASV2511,ASV2511,,Actinobacteria
ASV34,ASV34,,Bacteroidetes
ASV416,ASV416,,Actinobacteria
ASV551,ASV551,,Actinobacteria
ASV576,ASV576,,Actinobacteria
ASV589,ASV589,,Verrucomicrobia
ASV619,ASV619,,Proteobacteria
ASV751,ASV751,,Proteobacteria
ASV1132,ASV1132,,Actinobacteria
ASV1136,ASV1136,,Bacteroidetes
ASV2762,ASV2762,,Actinobacteria
ASV283,ASV283,,Proteobacteria
ASV332,ASV332,,Proteobacteria
ASV425,ASV425,,Bacteroidetes
ASV610,ASV610,,Unassigned
ASV952,ASV952,,Actinobacteria
ASV1140,ASV1140,,Chloroflexi
ASV1141,ASV1141,,Proteobacteria
ASV412,ASV412,,Proteobacteria
ASV437,ASV437,,Bacteroidetes
ASV483,ASV483,,Proteobacteria
ASV970,ASV970,,Bacteroidetes
ASV1292,ASV1292,,Proteobacteria
ASV756,ASV756,,Proteobacteria
ASV1499,ASV1499,,Actinobacteria
ASV452,ASV452,,Bacteroidetes
ASV911,ASV911,,Bacteroidetes
ASV1152,ASV1152,,Proteobacteria
ASV865,ASV865,,Bacteroidetes
ASV28,ASV28,,Firmicutes
ASV539,ASV539,,Firmicutes
ASV182,ASV182,,Proteobacteria
ASV469,ASV469,,Actinobacteria
ASV1162,ASV1162,,Actinobacteria
ASV1295,ASV1295,,Actinobacteria
ASV135,ASV135,,Bacteroidetes
ASV1468,ASV1468,,Actinobacteria
ASV16,ASV16,,Saccharibacteria
ASV1647,ASV1647,,Actinobacteria
ASV22,ASV22,,Bacteroidetes
ASV328,ASV328,,Actinobacteria
ASV45,ASV45,,Bacteroidetes
ASV507,ASV507,,Bacteroidetes
ASV886,ASV886,,Actinobacteria
ASV922,ASV922,,Actinobacteria
ASV153,ASV153,,Proteobacteria
ASV2026,ASV2026,,Bacteroidetes
ASV626,ASV626,,Bacteroidetes
ASV872,ASV872,,Proteobacteria
ASV1166,ASV1166,,Actinobacteria
ASV709,ASV709,,Proteobacteria
ASV154,ASV154,,Actinobacteria
ASV307,ASV307,,Saccharibacteria
ASV3072,ASV3072,,Proteobacteria
ASV360,ASV360,,Actinobacteria
ASV374,ASV374,,Bacteroidetes
ASV440,ASV440,,Cyanobacteria
ASV513,ASV513,,Actinobacteria
ASV1186,ASV1186,,Bacteroidetes
ASV3768,ASV3768,,Actinobacteria
ASV4966,ASV4966,,Firmicutes
ASV805,ASV805,,Actinobacteria
ASV925,ASV925,,Bacteroidetes
ASV119,ASV119,,Bacteroidetes
ASV2187,ASV2187,,Firmicutes
ASV320,ASV320,,Chloroflexi
ASV393,ASV393,,Proteobacteria
ASV1193,ASV1193,,Proteobacteria
ASV1763,ASV1763,,Proteobacteria
ASV1196,ASV1196,,Bacteroidetes
ASV3760,ASV3760,,Actinobacteria
ASV2744,ASV2744,,Actinobacteria
ASV12,ASV12,,Proteobacteria
ASV1698,ASV1698,,Proteobacteria
ASV120,ASV120,,Proteobacteria
ASV814,ASV814,,Bacteroidetes
ASV1202,ASV1202,,Proteobacteria
ASV1208,ASV1208,,Bacteroidetes
ASV1338,ASV1338,,Actinobacteria
ASV1546,ASV1546,,Actinobacteria
ASV179,ASV179,,Actinobacteria
ASV1793,ASV1793,,Actinobacteria
ASV267,ASV267,,Bacteroidetes
ASV486,ASV486,,Proteobacteria
ASV570,ASV570,,Actinobacteria
ASV77,ASV77,,Proteobacteria
ASV857,ASV857,,Bacteroidetes
ASV1210,ASV1210,,Actinobacteria
ASV1561,ASV1561,,Proteobacteria
ASV1213,ASV1213,,Actinobacteria
ASV392,ASV392,,Actinobacteria
ASV1215,ASV1215,,Actinobacteria
ASV1219,ASV1219,,Firmicutes
ASV1221,ASV1221,,Bacteroidetes
ASV1254,ASV1254,,Actinobacteria
ASV205,ASV205,,Bacteroidetes
ASV223,ASV223,,Actinobacteria
ASV750,ASV750,,Bacteroidetes
ASV783,ASV783,,Actinobacteria
ASV1228,ASV1228,,Proteobacteria
ASV388,ASV388,,Bacteroidetes
ASV401,ASV401,,Bacteroidetes
ASV234,ASV234,,Proteobacteria
ASV239,ASV239,,Actinobacteria
ASV262,ASV262,,Firmicutes
ASV2809,ASV2809,,Actinobacteria
ASV429,ASV429,,Firmicutes
ASV592,ASV592,,Actinobacteria
ASV78,ASV78,,Firmicutes
ASV816,ASV816,,Bacteroidetes
ASV174,ASV174,,Proteobacteria
ASV178,ASV178,,Actinobacteria
ASV1247,ASV1247,,Gemmatimonadetes
ASV769,ASV769,,Verrucomicrobia
ASV171,ASV171,,Proteobacteria
ASV291,ASV291,,Actinobacteria
ASV435,ASV435,,Actinobacteria
ASV65,ASV65,,Proteobacteria
ASV689,ASV689,,Actinobacteria
ASV126,ASV126,,Actinobacteria
ASV1774,ASV1774,,Actinobacteria
ASV232,ASV232,,Bacteroidetes
ASV127,ASV127,,Proteobacteria
ASV1272,ASV1272,,Actinobacteria
ASV5638,ASV5638,,Actinobacteria
ASV1275,ASV1275,,Bacteroidetes
ASV1277,ASV1277,,Proteobacteria
ASV2066,ASV2066,,Actinobacteria
ASV128,ASV128,,Saccharibacteria
ASV1286,ASV1286,,Firmicutes
ASV167,ASV167,,Saccharibacteria
ASV566,ASV566,,Actinobacteria
ASV1293,ASV1293,,Proteobacteria
ASV611,ASV611,,Chloroflexi
ASV83,ASV83,,Actinobacteria
ASV443,ASV443,,Proteobacteria
ASV131,ASV131,,Proteobacteria
ASV133,ASV133,,Proteobacteria
ASV1437,ASV1437,,Actinobacteria
ASV240,ASV240,,Proteobacteria
ASV4396,ASV4396,,Actinobacteria
ASV84,ASV84,,Proteobacteria
ASV88,ASV88,,Proteobacteria
ASV69,ASV69,,Proteobacteria
ASV1346,ASV1346,,Bacteroidetes
ASV181,ASV181,,Proteobacteria
ASV5488,ASV5488,,Proteobacteria
ASV550,ASV550,,Actinobacteria
ASV1350,ASV1350,,Actinobacteria
ASV1450,ASV1450,,Bacteroidetes
ASV544,ASV544,,Bacteroidetes
ASV676,ASV676,,Bacteroidetes
ASV1353,ASV1353,,Actinobacteria
ASV603,ASV603,,Proteobacteria
ASV136,ASV136,,Actinobacteria
ASV1363,ASV1363,,Bacteroidetes
ASV375,ASV375,,Proteobacteria
ASV797,ASV797,,Firmicutes
ASV1364,ASV1364,,Bacteroidetes
ASV138,ASV138,,Actinobacteria
ASV306,ASV306,,Actinobacteria
ASV560,ASV560,,Bacteroidetes
ASV672,ASV672,,Proteobacteria
ASV8,ASV8,,Verrucomicrobia
ASV540,ASV540,,Bacteroidetes
ASV699,ASV699,,Verrucomicrobia
ASV825,ASV825,,Bacteroidetes
ASV1395,ASV1395,,Bacteroidetes
ASV653,ASV653,,Proteobacteria
ASV719,ASV719,,Proteobacteria
ASV909,ASV909,,Proteobacteria
ASV1408,ASV1408,,Firmicutes
ASV1417,ASV1417,,Proteobacteria
ASV245,ASV245,,Bacteroidetes
ASV897,ASV897,,Bacteroidetes
ASV748,ASV748,,Actinobacteria
ASV755,ASV755,,Actinobacteria
ASV81,ASV81,,Firmicutes
ASV918,ASV918,,Bacteroidetes
ASV143,ASV143,,Proteobacteria
ASV176,ASV176,,Actinobacteria
ASV3485,ASV3485,,Unassigned
ASV474,ASV474,,Actinobacteria
ASV1430,ASV1430,,Proteobacteria
ASV1432,ASV1432,,Actinobacteria
ASV407,ASV407,,Actinobacteria
ASV1435,ASV1435,,Proteobacteria
ASV563,ASV563,,Actinobacteria
ASV705,ASV705,,Chloroflexi
ASV1446,ASV1446,,Actinobacteria
ASV1449,ASV1449,,Actinobacteria
ASV145,ASV145,,Actinobacteria
ASV1466,ASV1466,,Actinobacteria
ASV190,ASV190,,Proteobacteria
ASV766,ASV766,,Actinobacteria
ASV298,ASV298,,Actinobacteria
ASV147,ASV147,,Chloroflexi
ASV1475,ASV1475,,Proteobacteria
ASV148,ASV148,,Bacteroidetes
ASV322,ASV322,,Proteobacteria
ASV924,ASV924,,Firmicutes
ASV960,ASV960,,Actinobacteria
ASV1483,ASV1483,,Actinobacteria
ASV63,ASV63,,Firmicutes
ASV1493,ASV1493,,Firmicutes
ASV160,ASV160,,Actinobacteria
ASV920,ASV920,,Bacteroidetes
ASV1985,ASV1985,,Actinobacteria
ASV224,ASV224,,Actinobacteria
ASV2774,ASV2774,,Proteobacteria
ASV2915,ASV2915,,Proteobacteria
ASV4518,ASV4518,,Proteobacteria
ASV5245,ASV5245,,Proteobacteria
ASV1505,ASV1505,,Proteobacteria
ASV905,ASV905,,Chloroflexi
ASV1946,ASV1946,,Actinobacteria
ASV2486,ASV2486,,Actinobacteria
ASV309,ASV309,,Actinobacteria
ASV1511,ASV1511,,Proteobacteria
ASV1513,ASV1513,,Proteobacteria
ASV2583,ASV2583,,Actinobacteria
ASV5782,ASV5782,,Actinobacteria
ASV852,ASV852,,Actinobacteria
ASV1514,ASV1514,,Actinobacteria
ASV60,ASV60,,Bacteroidetes
ASV185,ASV185,,Actinobacteria
ASV21,ASV21,,Proteobacteria
ASV53,ASV53,,Proteobacteria
ASV1535,ASV1535,,Bacteroidetes
ASV511,ASV511,,Proteobacteria
ASV270,ASV270,,Actinobacteria
ASV541,ASV541,,Actinobacteria
ASV1712,ASV1712,,Firmicutes
ASV1551,ASV1551,,Proteobacteria
ASV421,ASV421,,Actinobacteria
ASV4277,ASV4277,,Proteobacteria
ASV326,ASV326,,Proteobacteria
ASV157,ASV157,,Proteobacteria
ASV308,ASV308,,Proteobacteria
ASV1581,ASV1581,,Proteobacteria
ASV1643,ASV1643,,Proteobacteria
ASV1588,ASV1588,,Proteobacteria
ASV243,ASV243,,Acidobacteria
ASV1594,ASV1594,,Actinobacteria
ASV43,ASV43,,Proteobacteria
ASV832,ASV832,,Firmicutes
ASV201,ASV201,,Actinobacteria
ASV2599,ASV2599,,Actinobacteria
ASV269,ASV269,,Chloroflexi
ASV1607,ASV1607,,Proteobacteria
ASV1626,ASV1626,,Bacteroidetes
ASV163,ASV163,,Bacteroidetes
ASV2185,ASV2185,,Firmicutes
ASV169,ASV169,,Actinobacteria
ASV4257,ASV4257,,Actinobacteria
ASV914,ASV914,,Deinococcus-Thermus
ASV1691,ASV1691,,Actinobacteria
ASV455,ASV455,,Proteobacteria
ASV4229,ASV4229,,Actinobacteria
ASV1704,ASV1704,,Proteobacteria
ASV2552,ASV2552,,Proteobacteria
ASV173,ASV173,,Actinobacteria
ASV1791,ASV1791,,Actinobacteria
ASV1733,ASV1733,,Actinobacteria
ASV353,ASV353,,Bacteroidetes
ASV664,ASV664,,Chloroflexi
ASV2736,ASV2736,,Actinobacteria
ASV657,ASV657,,Proteobacteria
ASV640,ASV640,,Actinobacteria
ASV787,ASV787,,Proteobacteria
ASV813,ASV813,,Proteobacteria
ASV921,ASV921,,Actinobacteria
ASV1772,ASV1772,,Actinobacteria
ASV2411,ASV2411,,Actinobacteria
ASV1780,ASV1780,,Proteobacteria
ASV549,ASV549,,Proteobacteria
ASV217,ASV217,,Proteobacteria
ASV562,ASV562,,Bacteroidetes
ASV1804,ASV1804,,Saccharibacteria
ASV786,ASV786,,Proteobacteria
ASV1812,ASV1812,,Actinobacteria
ASV382,ASV382,,Actinobacteria
ASV1830,ASV1830,,Proteobacteria
ASV667,ASV667,,Proteobacteria
ASV46,ASV46,,Actinobacteria
ASV1842,ASV1842,,Actinobacteria
ASV55,ASV55,,Actinobacteria
ASV23,ASV23,,Proteobacteria
ASV188,ASV188,,Actinobacteria
ASV19,ASV19,,Saccharibacteria
ASV193,ASV193,,Actinobacteria
ASV3107,ASV3107,,Actinobacteria
ASV798,ASV798,,Actinobacteria
ASV1972,ASV1972,,Actinobacteria
ASV1986,ASV1986,,Bacteroidetes
ASV3824,ASV3824,,Actinobacteria
ASV394,ASV394,,Bacteroidetes
ASV314,ASV314,,Actinobacteria
ASV606,ASV606,,Firmicutes
ASV64,ASV64,,Actinobacteria
ASV2010,ASV2010,,Proteobacteria
ASV202,ASV202,,Bacteroidetes
ASV631,ASV631,,Bacteroidetes
ASV669,ASV669,,Proteobacteria
ASV203,ASV203,,Proteobacteria
ASV686,ASV686,,Proteobacteria
ASV359,ASV359,,Actinobacteria
ASV449,ASV449,,Nitrospirae
ASV658,ASV658,,Acidobacteria
ASV757,ASV757,,Cyanobacteria
ASV209,ASV209,,Proteobacteria
ASV434,ASV434,,Proteobacteria
ASV822,ASV822,,Proteobacteria
ASV2093,ASV2093,,Actinobacteria
ASV692,ASV692,,Proteobacteria
ASV257,ASV257,,Proteobacteria
ASV595,ASV595,,Proteobacteria
ASV211,ASV211,,Proteobacteria
ASV2114,ASV2114,,Actinobacteria
ASV2124,ASV2124,,Proteobacteria
ASV386,ASV386,,Actinobacteria
ASV3995,ASV3995,,Proteobacteria
ASV241,ASV241,,Actinobacteria
ASV556,ASV556,,Acidobacteria
ASV596,ASV596,,Actinobacteria
ASV380,ASV380,,Firmicutes
ASV221,ASV221,,Bacteroidetes
ASV2218,ASV2218,,Firmicutes
ASV957,ASV957,,Proteobacteria
ASV2220,ASV2220,,Firmicutes
ASV2623,ASV2623,,Actinobacteria
ASV444,ASV444,,Acidobacteria
ASV502,ASV502,,Proteobacteria
ASV2242,ASV2242,,Bacteroidetes
ASV884,ASV884,,Firmicutes
ASV362,ASV362,,Firmicutes
ASV675,ASV675,,Proteobacteria
ASV2338,ASV2338,,Actinobacteria
ASV236,ASV236,,Actinobacteria
ASV2370,ASV2370,,Actinobacteria
ASV305,ASV305,,Actinobacteria
ASV2400,ASV2400,,Actinobacteria
ASV2433,ASV2433,,Bacteroidetes
ASV426,ASV426,,Proteobacteria
ASV4509,ASV4509,,Unassigned
ASV894,ASV894,,Actinobacteria
ASV250,ASV250,,Actinobacteria
ASV251,ASV251,,Actinobacteria
ASV2530,ASV2530,,Proteobacteria
ASV633,ASV633,,Proteobacteria
ASV2570,ASV2570,,Bacteroidetes
ASV286,ASV286,,Actinobacteria
ASV259,ASV259,,Bacteroidetes
ASV975,ASV975,,Proteobacteria
ASV2610,ASV2610,,Firmicutes
ASV547,ASV547,,Proteobacteria
ASV687,ASV687,,Bacteroidetes
ASV724,ASV724,,Bacteroidetes
ASV622,ASV622,,Verrucomicrobia
ASV265,ASV265,,Actinobacteria
ASV268,ASV268,,Bacteroidetes
ASV272,ASV272,,Proteobacteria
ASV990,ASV990,,Proteobacteria
ASV274,ASV274,,Actinobacteria
ASV275,ASV275,,Proteobacteria
ASV438,ASV438,,Actinobacteria
ASV280,ASV280,,Firmicutes
ASV336,ASV336,,Firmicutes
ASV4788,ASV4788,,Actinobacteria
ASV671,ASV671,,Firmicutes
ASV2817,ASV2817,,Actinobacteria
ASV282,ASV282,,Actinobacteria
ASV2822,ASV2822,,Saccharibacteria
ASV2850,ASV2850,,Actinobacteria
ASV490,ASV490,,Actinobacteria
ASV289,ASV289,,Actinobacteria
ASV711,ASV711,,Proteobacteria
ASV2940,ASV2940,,Proteobacteria
ASV2974,ASV2974,,Actinobacteria
ASV414,ASV414,,Proteobacteria
ASV86,ASV86,,Bacteroidetes
ASV3189,ASV3189,,Gemmatimonadetes
ASV75,ASV75,,Proteobacteria
ASV302,ASV302,,Bacteroidetes
ASV838,ASV838,,Actinobacteria
ASV311,ASV311,,Bacteroidetes
ASV316,ASV316,,Firmicutes
ASV317,ASV317,,Proteobacteria
ASV319,ASV319,,Proteobacteria
ASV3238,ASV3238,,Actinobacteria
ASV4272,ASV4272,,Proteobacteria
ASV324,ASV324,,Proteobacteria
ASV325,ASV325,,Bacteroidetes
ASV4983,ASV4983,,Actinobacteria
ASV510,ASV510,,Bacteroidetes
ASV423,ASV423,,Proteobacteria
ASV338,ASV338,,Bacteroidetes
ASV340,ASV340,,Actinobacteria
ASV870,ASV870,,Proteobacteria
ASV3406,ASV3406,,Actinobacteria
ASV345,ASV345,,Actinobacteria
ASV936,ASV936,,Bacteroidetes
ASV356,ASV356,,Actinobacteria
ASV3576,ASV3576,,Actinobacteria
ASV358,ASV358,,Proteobacteria
ASV98,ASV98,,Actinobacteria
ASV3631,ASV3631,,Actinobacteria
ASV366,ASV366,,Actinobacteria
ASV368,ASV368,,Bacteroidetes
ASV370,ASV370,,Actinobacteria
ASV535,ASV535,,Bacteroidetes
ASV373,ASV373,,Bacteroidetes
ASV980,ASV980,,Actinobacteria
ASV377,ASV377,,Bacteroidetes
ASV379,ASV379,,Proteobacteria
ASV937,ASV937,,Proteobacteria
ASV3869,ASV3869,,Proteobacteria
ASV40,ASV40,,Actinobacteria
ASV387,ASV387,,Proteobacteria
ASV389,ASV389,,Proteobacteria
ASV4501,ASV4501,,Actinobacteria
ASV3900,ASV3900,,Actinobacteria
ASV3938,ASV3938,,Proteobacteria
ASV863,ASV863,,Bacteroidetes
ASV397,ASV397,,Bacteroidetes
ASV402,ASV402,,Proteobacteria
ASV410,ASV410,,Actinobacteria
ASV411,ASV411,,Bacteroidetes
ASV4133,ASV4133,,Actinobacteria
ASV776,ASV776,,Proteobacteria
ASV415,ASV415,,Proteobacteria
ASV418,ASV418,,Armatimonadetes
ASV419,ASV419,,Bacteroidetes
ASV42,ASV42,,Bacteroidetes
ASV420,ASV420,,Chloroflexi
ASV5333,ASV5333,,Actinobacteria
ASV930,ASV930,,Chloroflexi
ASV422,ASV422,,Bacteroidetes
ASV680,ASV680,,Proteobacteria
ASV803,ASV803,,Proteobacteria
ASV4265,ASV4265,,Actinobacteria
ASV4759,ASV4759,,Actinobacteria
ASV91,ASV91,,Saccharibacteria
ASV470,ASV470,,Proteobacteria
ASV716,ASV716,,Actinobacteria
ASV862,ASV862,,Bacteroidetes
ASV597,ASV597,,Proteobacteria
ASV450,ASV450,,Actinobacteria
ASV72,ASV72,,Proteobacteria
ASV460,ASV460,,Proteobacteria
ASV461,ASV461,,Actinobacteria
ASV464,ASV464,,Actinobacteria
ASV467,ASV467,,Actinobacteria
ASV729,ASV729,,Bacteroidetes
ASV482,ASV482,,Actinobacteria
ASV489,ASV489,,Proteobacteria
ASV491,ASV491,,Proteobacteria
ASV893,ASV893,,Actinobacteria
ASV50,ASV50,,Actinobacteria
ASV913,ASV913,,Actinobacteria
ASV503,ASV503,,Acidobacteria
ASV509,ASV509,,Bacteroidetes
ASV5201,ASV5201,,Proteobacteria
ASV522,ASV522,,Actinobacteria
ASV525,ASV525,,Bacteroidetes
ASV526,ASV526,,Bacteroidetes
ASV532,ASV532,,Actinobacteria
ASV5381,ASV5381,,Actinobacteria
ASV917,ASV917,,Proteobacteria
ASV889,ASV889,,Proteobacteria
ASV545,ASV545,,Actinobacteria
ASV670,ASV670,,Actinobacteria
ASV944,ASV944,,Proteobacteria
ASV5525,ASV5525,,Proteobacteria
ASV818,ASV818,,Proteobacteria
ASV559,ASV559,,Actinobacteria
ASV891,ASV891,,Chloroflexi
ASV573,ASV573,,Actinobacteria
ASV5772,ASV5772,,Proteobacteria
ASV586,ASV586,,Bacteroidetes
ASV587,ASV587,,Proteobacteria
ASV618,ASV618,,Proteobacteria
ASV601,ASV601,,Proteobacteria
ASV604,ASV604,,Proteobacteria
ASV635,ASV635,,Bacteroidetes
ASV643,ASV643,,Actinobacteria
ASV661,ASV661,,Bacteroidetes
ASV779,ASV779,,Bacteroidetes
ASV673,ASV673,,Proteobacteria
ASV682,ASV682,,Chloroflexi
ASV684,ASV684,,Actinobacteria
ASV693,ASV693,,Proteobacteria
ASV726,ASV726,,Proteobacteria
ASV735,ASV735,,Actinobacteria
ASV761,ASV761,,Proteobacteria
ASV745,ASV745,,Proteobacteria
ASV759,ASV759,,Proteobacteria
ASV767,ASV767,,Firmicutes
ASV772,ASV772,,Actinobacteria
ASV821,ASV821,,Actinobacteria
ASV823,ASV823,,Actinobacteria
ASV833,ASV833,,Bacteroidetes
ASV841,ASV841,,Bacteroidetes
ASV871,ASV871,,Proteobacteria
ASV900,ASV900,,Chloroflexi
ASV904,ASV904,,Bacteroidetes
ASV915,ASV915,,Actinobacteria
ASV956,ASV956,,Proteobacteria
ASV982,ASV982,,Proteobacteria
ASV99,ASV99,,Actinobacteria
